Image,Label
1.jpg,0
2.jpg,1
3.jpg,2
4.jpg,3
5.jpg,4
6.jpg,5
7.jpg,6
8.jpg,7
9.jpg,8
10.jpg,9
11.jpg,10
12.jpg,11
13.jpg,12
14.jpg,13
15.jpg,14
16.jpg,15
17.jpg,0
18.jpg,1
19.jpg,2
20.jpg,3
21.jpg,4
22.jpg,5
23.jpg,6
24.jpg,7
25.jpg,8
26.jpg,9
27.jpg,10
28.jpg,11
29.jpg,12
30.jpg,13
31.jpg,14
32.jpg,15
33.jpg,0
34.jpg,1
35.jpg,2
36.jpg,3
37.jpg,4
38.jpg,5
39.jpg,6
40.jpg,7
41.jpg,8
42.jpg,9
43.jpg,10
44.jpg,11
45.jpg,12
46.jpg,13
47.jpg,14
48.jpg,15
49.jpg,0
50.jpg,1
51.jpg,2
52.jpg,3
53.jpg,4
54.jpg,5
55.jpg,6
56.jpg,7
57.jpg,8
58.jpg,9
59.jpg,10
60.jpg,11
61.jpg,12
62.jpg,13
63.jpg,14
64.jpg,15
65.jpg,0
66.jpg,1
67.jpg,2
68.jpg,3
69.jpg,4
70.jpg,5
71.jpg,6
72.jpg,7
73.jpg,8
74.jpg,9
75.jpg,10
76.jpg,11
77.jpg,12
78.jpg,13
79.jpg,14
80.jpg,15
81.jpg,0
82.jpg,1
83.jpg,2
84.jpg,3
85.jpg,4
86.jpg,5
87.jpg,6
88.jpg,7
89.jpg,8
90.jpg,9
91.jpg,10
92.jpg,11
93.jpg,12
94.jpg,13
95.jpg,14
96.jpg,15
97.jpg,0
98.jpg,1
99.jpg,2
100.jpg,3
101.jpg,4
102.jpg,5
103.jpg,6
104.jpg,7
105.jpg,8
106.jpg,9
107.jpg,10
108.jpg,11
109.jpg,12
110.jpg,13
111.jpg,14
112.jpg,15
113.jpg,0
114.jpg,1
115.jpg,2
116.jpg,3
117.jpg,4
118.jpg,5
119.jpg,6
120.jpg,7
121.jpg,8
122.jpg,9
123.jpg,10
124.jpg,11
125.jpg,12
126.jpg,13
127.jpg,14
128.jpg,15
129.jpg,0
130.jpg,1
131.jpg,2
132.jpg,3
133.jpg,4
134.jpg,5
135.jpg,6
136.jpg,7
137.jpg,8
138.jpg,9
139.jpg,10
140.jpg,11
141.jpg,12
142.jpg,13
143.jpg,14
144.jpg,15
145.jpg,0
146.jpg,1
147.jpg,2
148.jpg,3
149.jpg,4
150.jpg,5
151.jpg,6
152.jpg,7
153.jpg,8
154.jpg,9
155.jpg,10
156.jpg,11
157.jpg,12
158.jpg,13
159.jpg,14
160.jpg,15
161.jpg,0
162.jpg,1
163.jpg,2
164.jpg,3
165.jpg,4
166.jpg,5
167.jpg,6
168.jpg,7
169.jpg,8
170.jpg,9
171.jpg,10
172.jpg,11
173.jpg,12
174.jpg,13
175.jpg,14
176.jpg,15
177.jpg,0
178.jpg,1
179.jpg,2
180.jpg,3
181.jpg,4
182.jpg,5
183.jpg,6
184.jpg,7
185.jpg,8
186.jpg,9
187.jpg,10
188.jpg,11
189.jpg,12
190.jpg,13
191.jpg,14
192.jpg,15
193.jpg,0
194.jpg,1
195.jpg,2
196.jpg,3
197.jpg,4
198.jpg,5
199.jpg,6
200.jpg,7
201.jpg,8
202.jpg,9
203.jpg,10
204.jpg,11
205.jpg,12
206.jpg,13
207.jpg,14
208.jpg,15
209.jpg,0
210.jpg,1
211.jpg,2
212.jpg,3
213.jpg,4
214.jpg,5
215.jpg,6
216.jpg,7
217.jpg,8
218.jpg,9
219.jpg,10
220.jpg,11
221.jpg,12
222.jpg,13
223.jpg,14
224.jpg,15
225.jpg,0
226.jpg,1
227.jpg,2
228.jpg,3
229.jpg,4
230.jpg,5
231.jpg,6
232.jpg,7
233.jpg,8
234.jpg,9
235.jpg,10
236.jpg,11
237.jpg,12
238.jpg,13
239.jpg,14
240.jpg,15
241.jpg,0
242.jpg,1
243.jpg,2
244.jpg,3
245.jpg,4
246.jpg,5
247.jpg,6
248.jpg,7
249.jpg,8
250.jpg,9
251.jpg,10
252.jpg,11
253.jpg,12
254.jpg,13
255.jpg,14
256.jpg,15
257.jpg,0
258.jpg,1
259.jpg,2
260.jpg,3
261.jpg,4
262.jpg,5
263.jpg,6
264.jpg,7
265.jpg,8
266.jpg,9
267.jpg,10
268.jpg,11
269.jpg,12
270.jpg,13
271.jpg,14
272.jpg,15
273.jpg,0
274.jpg,1
275.jpg,2
276.jpg,3
277.jpg,4
278.jpg,5
279.jpg,6
280.jpg,7
281.jpg,8
282.jpg,9
283.jpg,10
284.jpg,11
285.jpg,12
286.jpg,13
287.jpg,14
288.jpg,15
289.jpg,0
290.jpg,1
291.jpg,2
292.jpg,3
293.jpg,4
294.jpg,5
295.jpg,6
296.jpg,7
297.jpg,8
298.jpg,9
299.jpg,10
300.jpg,11
301.jpg,12
302.jpg,13
303.jpg,14
304.jpg,15
305.jpg,0
306.jpg,1
307.jpg,2
308.jpg,3
309.jpg,4
310.jpg,5
311.jpg,6
312.jpg,7
313.jpg,8
314.jpg,9
315.jpg,10
316.jpg,11
317.jpg,12
318.jpg,13
319.jpg,14
320.jpg,15
321.jpg,0
322.jpg,1
323.jpg,2
324.jpg,3
325.jpg,4
326.jpg,5
327.jpg,6
328.jpg,7
329.jpg,8
330.jpg,9
331.jpg,10
332.jpg,11
333.jpg,12
334.jpg,13
335.jpg,14
336.jpg,15
337.jpg,0
338.jpg,1
339.jpg,2
340.jpg,3
341.jpg,4
342.jpg,5
343.jpg,6
344.jpg,7
345.jpg,8
346.jpg,9
347.jpg,10
348.jpg,11
349.jpg,12
350.jpg,13
351.jpg,14
352.jpg,15
353.jpg,0
354.jpg,1
355.jpg,2
356.jpg,3
357.jpg,4
358.jpg,5
359.jpg,6
360.jpg,7
361.jpg,8
362.jpg,9
363.jpg,10
364.jpg,11
365.jpg,12
366.jpg,13
367.jpg,14
368.jpg,15
369.jpg,0
370.jpg,1
371.jpg,2
372.jpg,3
373.jpg,4
374.jpg,5
375.jpg,6
376.jpg,7
377.jpg,8
378.jpg,9
379.jpg,10
380.jpg,11
381.jpg,12
382.jpg,13
383.jpg,14
384.jpg,15
385.jpg,1
386.jpg,1
387.jpg,1
388.jpg,1
389.jpg,1
390.jpg,1
391.jpg,1
392.jpg,1
393.jpg,2
394.jpg,2
395.jpg,2
396.jpg,2
397.jpg,2
398.jpg,2
399.jpg,2
400.jpg,2
401.jpg,3
402.jpg,3
403.jpg,3
404.jpg,3
405.jpg,3
406.jpg,3
407.jpg,3
408.jpg,3
409.jpg,4
410.jpg,4
411.jpg,4
412.jpg,4
413.jpg,4
414.jpg,4
415.jpg,4
416.jpg,4
417.jpg,5
418.jpg,5
419.jpg,5
420.jpg,5
421.jpg,5
422.jpg,5
423.jpg,5
424.jpg,5
425.jpg,6
426.jpg,6
427.jpg,6
428.jpg,6
429.jpg,6
430.jpg,6
431.jpg,6
432.jpg,6
433.jpg,7
434.jpg,7
435.jpg,7
436.jpg,7
437.jpg,7
438.jpg,7
439.jpg,7
440.jpg,7
441.jpg,8
442.jpg,8
443.jpg,8
444.jpg,8
445.jpg,8
446.jpg,8
447.jpg,8
448.jpg,8
449.jpg,9
450.jpg,9
451.jpg,9
452.jpg,9
453.jpg,9
454.jpg,9
455.jpg,9
456.jpg,9
457.jpg,10
458.jpg,10
459.jpg,10
460.jpg,10
461.jpg,10
462.jpg,10
463.jpg,10
464.jpg,10
465.jpg,11
466.jpg,11
467.jpg,11
468.jpg,11
469.jpg,11
470.jpg,11
471.jpg,11
472.jpg,11
473.jpg,12
474.jpg,12
475.jpg,12
476.jpg,12
477.jpg,12
478.jpg,12
479.jpg,12
480.jpg,12
481.jpg,13
482.jpg,13
483.jpg,13
484.jpg,13
485.jpg,13
486.jpg,13
487.jpg,13
488.jpg,13
489.jpg,14
490.jpg,14
491.jpg,14
492.jpg,14
493.jpg,14
494.jpg,14
495.jpg,14
496.jpg,14
497.jpg,15
498.jpg,15
499.jpg,15
500.jpg,15
501.jpg,15
502.jpg,15
503.jpg,15
504.jpg,15
505.jpg,0
506.jpg,0
507.jpg,0
508.jpg,0
509.jpg,0
510.jpg,0
511.jpg,0
512.jpg,0
513.jpg,0
514.jpg,1
515.jpg,2
516.jpg,3
517.jpg,4
518.jpg,5
519.jpg,6
520.jpg,7
521.jpg,8
522.jpg,9
523.jpg,10
524.jpg,11
525.jpg,12
526.jpg,13
527.jpg,14
528.jpg,15
529.jpg,0
530.jpg,1
531.jpg,2
532.jpg,3
533.jpg,4
534.jpg,5
535.jpg,6
536.jpg,7
537.jpg,8
538.jpg,9
539.jpg,10
540.jpg,11
541.jpg,12
542.jpg,13
543.jpg,14
544.jpg,15
545.jpg,0
546.jpg,1
547.jpg,2
548.jpg,3
549.jpg,4
550.jpg,5
551.jpg,6
552.jpg,7
553.jpg,8
554.jpg,9
555.jpg,10
556.jpg,11
557.jpg,12
558.jpg,13
559.jpg,14
560.jpg,15
561.jpg,0
562.jpg,1
563.jpg,2
564.jpg,3
565.jpg,4
566.jpg,5
567.jpg,6
568.jpg,7
569.jpg,8
570.jpg,9
571.jpg,10
572.jpg,11
573.jpg,12
574.jpg,13
575.jpg,14
576.jpg,15
577.jpg,0
578.jpg,1
579.jpg,2
580.jpg,3
581.jpg,4
582.jpg,5
583.jpg,6
584.jpg,7
585.jpg,8
586.jpg,9
587.jpg,10
588.jpg,11
589.jpg,12
590.jpg,13
591.jpg,14
592.jpg,15
593.jpg,0
594.jpg,1
595.jpg,2
596.jpg,3
597.jpg,4
598.jpg,5
599.jpg,6
600.jpg,7
601.jpg,8
602.jpg,9
603.jpg,10
604.jpg,11
605.jpg,12
606.jpg,13
607.jpg,14
608.jpg,15
609.jpg,0
610.jpg,1
611.jpg,2
612.jpg,3
613.jpg,4
614.jpg,5
615.jpg,6
616.jpg,7
617.jpg,8
618.jpg,9
619.jpg,10
620.jpg,11
621.jpg,12
622.jpg,13
623.jpg,14
624.jpg,15
625.jpg,0
626.jpg,1
627.jpg,2
628.jpg,3
629.jpg,4
630.jpg,5
631.jpg,6
632.jpg,7
633.jpg,8
634.jpg,9
635.jpg,10
636.jpg,11
637.jpg,12
638.jpg,13
639.jpg,14
640.jpg,15
641.jpg,0
642.jpg,1
643.jpg,2
644.jpg,3
645.jpg,4
646.jpg,5
647.jpg,6
648.jpg,7
649.jpg,8
650.jpg,9
651.jpg,10
652.jpg,11
653.jpg,12
654.jpg,13
655.jpg,14
656.jpg,15
657.jpg,0
658.jpg,1
659.jpg,2
660.jpg,3
661.jpg,4
662.jpg,5
663.jpg,6
664.jpg,7
665.jpg,8
666.jpg,9
667.jpg,10
668.jpg,11
669.jpg,12
670.jpg,13
671.jpg,14
672.jpg,15
673.jpg,0
674.jpg,1
675.jpg,2
676.jpg,3
677.jpg,4
678.jpg,5
679.jpg,6
680.jpg,7
681.jpg,8
682.jpg,9
683.jpg,10
684.jpg,11
685.jpg,12
686.jpg,13
687.jpg,14
688.jpg,15
689.jpg,0
690.jpg,1
691.jpg,2
692.jpg,3
693.jpg,4
694.jpg,5
695.jpg,6
696.jpg,7
697.jpg,8
698.jpg,9
699.jpg,10
700.jpg,11
701.jpg,12
702.jpg,13
703.jpg,14
704.jpg,15
705.jpg,0
706.jpg,1
707.jpg,2
708.jpg,3
709.jpg,4
710.jpg,5
711.jpg,6
712.jpg,7
713.jpg,8
714.jpg,9
715.jpg,10
716.jpg,11
717.jpg,12
718.jpg,13
719.jpg,14
720.jpg,15
721.jpg,0
722.jpg,1
723.jpg,2
724.jpg,3
725.jpg,4
726.jpg,5
727.jpg,6
728.jpg,7
729.jpg,8
730.jpg,9
731.jpg,10
732.jpg,11
733.jpg,12
734.jpg,13
735.jpg,14
736.jpg,15
737.jpg,0
738.jpg,1
739.jpg,2
740.jpg,3
741.jpg,4
742.jpg,5
743.jpg,6
744.jpg,7
745.jpg,8
746.jpg,9
747.jpg,10
748.jpg,11
749.jpg,12
750.jpg,13
751.jpg,14
752.jpg,15
753.jpg,0
754.jpg,1
755.jpg,2
756.jpg,3
757.jpg,4
758.jpg,5
759.jpg,6
760.jpg,7
761.jpg,8
762.jpg,9
763.jpg,10
764.jpg,11
765.jpg,12
766.jpg,13
767.jpg,14
768.jpg,15
769.jpg,0
770.jpg,1
771.jpg,2
772.jpg,3
773.jpg,4
774.jpg,5
775.jpg,6
776.jpg,7
777.jpg,8
778.jpg,9
779.jpg,10
780.jpg,11
781.jpg,12
782.jpg,13
783.jpg,14
784.jpg,15
785.jpg,0
786.jpg,1
787.jpg,2
788.jpg,3
789.jpg,4
790.jpg,5
791.jpg,6
792.jpg,7
793.jpg,8
794.jpg,9
795.jpg,10
796.jpg,11
797.jpg,12
798.jpg,13
799.jpg,14
800.jpg,15
801.jpg,0
802.jpg,1
803.jpg,2
804.jpg,3
805.jpg,4
806.jpg,5
807.jpg,6
808.jpg,7
809.jpg,8
810.jpg,9
811.jpg,10
812.jpg,11
813.jpg,12
814.jpg,13
815.jpg,14
816.jpg,15
817.jpg,0
818.jpg,1
819.jpg,2
820.jpg,3
821.jpg,4
822.jpg,5
823.jpg,6
824.jpg,7
825.jpg,8
826.jpg,9
827.jpg,10
828.jpg,11
829.jpg,12
830.jpg,13
831.jpg,14
832.jpg,15
833.jpg,0
834.jpg,1
835.jpg,2
836.jpg,3
837.jpg,4
838.jpg,5
839.jpg,6
840.jpg,7
841.jpg,8
842.jpg,9
843.jpg,10
844.jpg,11
845.jpg,12
846.jpg,13
847.jpg,14
848.jpg,15
849.jpg,0
850.jpg,1
851.jpg,2
852.jpg,3
853.jpg,4
854.jpg,5
855.jpg,6
856.jpg,7
857.jpg,8
858.jpg,9
859.jpg,10
860.jpg,11
861.jpg,12
862.jpg,13
863.jpg,14
864.jpg,15
865.jpg,0
866.jpg,1
867.jpg,2
868.jpg,3
869.jpg,4
870.jpg,5
871.jpg,6
872.jpg,7
873.jpg,8
874.jpg,9
875.jpg,10
876.jpg,11
877.jpg,12
878.jpg,13
879.jpg,14
880.jpg,15
881.jpg,0
882.jpg,1
883.jpg,2
884.jpg,3
885.jpg,4
886.jpg,5
887.jpg,6
888.jpg,7
889.jpg,8
890.jpg,9
891.jpg,10
892.jpg,11
893.jpg,12
894.jpg,13
895.jpg,14
896.jpg,15
897.jpg,0
898.jpg,1
899.jpg,2
900.jpg,3
901.jpg,4
902.jpg,5
903.jpg,6
904.jpg,7
905.jpg,8
906.jpg,9
907.jpg,10
908.jpg,11
909.jpg,12
910.jpg,13
911.jpg,14
912.jpg,15
913.jpg,0
914.jpg,1
915.jpg,2
916.jpg,3
917.jpg,4
918.jpg,5
919.jpg,6
920.jpg,7
921.jpg,8
922.jpg,9
923.jpg,10
924.jpg,11
925.jpg,12
926.jpg,13
927.jpg,14
928.jpg,15
929.jpg,15
930.jpg,0
931.jpg,1
932.jpg,2
933.jpg,3
934.jpg,4
935.jpg,5
936.jpg,6
937.jpg,7
938.jpg,8
939.jpg,9
940.jpg,10
941.jpg,11
942.jpg,12
943.jpg,13
944.jpg,14
945.jpg,15
946.jpg,0
947.jpg,1
948.jpg,2
949.jpg,3
950.jpg,4
951.jpg,5
952.jpg,6
953.jpg,7
954.jpg,8
955.jpg,9
956.jpg,10
957.jpg,11
958.jpg,12
959.jpg,13
960.jpg,14
961.jpg,15
962.jpg,0
963.jpg,1
964.jpg,2
965.jpg,3
966.jpg,4
967.jpg,5
968.jpg,6
969.jpg,7
970.jpg,8
971.jpg,9
972.jpg,10
973.jpg,11
974.jpg,12
975.jpg,13
976.jpg,14
977.jpg,15
978.jpg,0
979.jpg,1
980.jpg,2
981.jpg,3
982.jpg,4
983.jpg,5
984.jpg,6
985.jpg,7
986.jpg,8
987.jpg,9
988.jpg,10
989.jpg,11
990.jpg,12
991.jpg,13
992.jpg,14
993.jpg,15
994.jpg,0
995.jpg,1
996.jpg,2
997.jpg,3
998.jpg,4
999.jpg,5
1000.jpg,6
1001.jpg,7
1002.jpg,8
1003.jpg,9
1004.jpg,10
1005.jpg,11
1006.jpg,12
1007.jpg,13
1008.jpg,14
1009.jpg,15
1010.jpg,0
1011.jpg,1
1012.jpg,2
1013.jpg,3
1014.jpg,4
1015.jpg,5
1016.jpg,6
1017.jpg,7
1018.jpg,8
1019.jpg,9
1020.jpg,10
1021.jpg,11
1022.jpg,12
1023.jpg,13
1024.jpg,14
1025.jpg,0
1026.jpg,1
1027.jpg,2
1028.jpg,3
1029.jpg,4
1030.jpg,5
1031.jpg,6
1032.jpg,7
1033.jpg,8
1034.jpg,9
1035.jpg,10
1036.jpg,11
1037.jpg,12
1038.jpg,13
1039.jpg,14
1040.jpg,15
1041.jpg,0
1042.jpg,1
1043.jpg,2
1044.jpg,3
1045.jpg,4
1046.jpg,5
1047.jpg,6
1048.jpg,7
1049.jpg,8
1050.jpg,9
1051.jpg,10
1052.jpg,11
1053.jpg,12
1054.jpg,13
1055.jpg,14
1056.jpg,15
1057.jpg,0
1058.jpg,1
1059.jpg,2
1060.jpg,3
1061.jpg,4
1062.jpg,5
1063.jpg,6
1064.jpg,7
1065.jpg,8
1066.jpg,9
1067.jpg,10
1068.jpg,11
1069.jpg,12
1070.jpg,13
1071.jpg,14
1072.jpg,15
1073.jpg,0
1074.jpg,1
1075.jpg,2
1076.jpg,3
1077.jpg,4
1078.jpg,5
1079.jpg,6
1080.jpg,7
1081.jpg,8
1082.jpg,9
1083.jpg,10
1084.jpg,11
1085.jpg,12
1086.jpg,13
1087.jpg,14
1088.jpg,15
1089.jpg,0
1090.jpg,1
1091.jpg,2
1092.jpg,3
1093.jpg,4
1094.jpg,5
1095.jpg,6
1096.jpg,7
1097.jpg,8
1098.jpg,9
1099.jpg,10
1100.jpg,11
1101.jpg,12
1102.jpg,13
1103.jpg,14
1104.jpg,15
1105.jpg,0
1106.jpg,1
1107.jpg,2
1108.jpg,3
1109.jpg,4
1110.jpg,5
1111.jpg,6
1112.jpg,7
1113.jpg,8
1114.jpg,9
1115.jpg,10
1116.jpg,11
1117.jpg,12
1118.jpg,13
1119.jpg,14
1120.jpg,15
1121.jpg,0
1122.jpg,1
1123.jpg,2
1124.jpg,3
1125.jpg,4
1126.jpg,5
1127.jpg,6
1128.jpg,7
1129.jpg,8
1130.jpg,9
1131.jpg,10
1132.jpg,11
1133.jpg,12
1134.jpg,13
1135.jpg,14
1136.jpg,15
1137.jpg,0
1138.jpg,1
1139.jpg,2
1140.jpg,3
1141.jpg,4
1142.jpg,5
1143.jpg,6
1144.jpg,7
1145.jpg,8
1146.jpg,9
1147.jpg,10
1148.jpg,11
1149.jpg,12
1150.jpg,13
1151.jpg,14
1152.jpg,15
1153.jpg,0
1154.jpg,1
1155.jpg,2
1156.jpg,3
1157.jpg,4
1158.jpg,5
1159.jpg,6
1160.jpg,7
1161.jpg,8
1162.jpg,9
1163.jpg,10
1164.jpg,11
1165.jpg,12
1166.jpg,13
1167.jpg,14
1168.jpg,15
1169.jpg,0
1170.jpg,1
1171.jpg,2
1172.jpg,3
1173.jpg,4
1174.jpg,5
1175.jpg,6
1176.jpg,7
1177.jpg,8
1178.jpg,9
1179.jpg,10
1180.jpg,11
1181.jpg,12
1182.jpg,13
1183.jpg,14
1184.jpg,15
1185.jpg,0
1186.jpg,1
1187.jpg,2
1188.jpg,3
1189.jpg,4
1190.jpg,5
1191.jpg,6
1192.jpg,7
1193.jpg,8
1194.jpg,9
1195.jpg,10
1196.jpg,11
1197.jpg,12
1198.jpg,13
1199.jpg,14
1200.jpg,15
1201.jpg,0
1202.jpg,1
1203.jpg,2
1204.jpg,3
1205.jpg,4
1206.jpg,5
1207.jpg,6
1208.jpg,7
1209.jpg,8
1210.jpg,9
1211.jpg,10
1212.jpg,11
1213.jpg,12
1214.jpg,13
1215.jpg,14
1216.jpg,15
1217.jpg,0
1218.jpg,1
1219.jpg,2
1220.jpg,3
1221.jpg,4
1222.jpg,5
1223.jpg,6
1224.jpg,7
1225.jpg,8
1226.jpg,9
1227.jpg,10
1228.jpg,11
1229.jpg,12
1230.jpg,13
1231.jpg,14
1232.jpg,15
1233.jpg,0
1234.jpg,1
1235.jpg,2
1236.jpg,3
1237.jpg,4
1238.jpg,5
1239.jpg,6
1240.jpg,7
1241.jpg,8
1242.jpg,9
1243.jpg,10
1244.jpg,11
1245.jpg,12
1246.jpg,13
1247.jpg,14
1248.jpg,15
1249.jpg,0
1250.jpg,1
1251.jpg,2
1252.jpg,3
1253.jpg,4
1254.jpg,5
1255.jpg,6
1256.jpg,7
1257.jpg,8
1258.jpg,9
1259.jpg,10
1260.jpg,11
1261.jpg,12
1262.jpg,13
1263.jpg,14
1264.jpg,15
1265.jpg,0
1266.jpg,1
1267.jpg,2
1268.jpg,3
1269.jpg,4
1270.jpg,5
1271.jpg,6
1272.jpg,7
1273.jpg,8
1274.jpg,9
1275.jpg,10
1276.jpg,11
1277.jpg,12
1278.jpg,13
1279.jpg,14
1280.jpg,15
1281.jpg,0
1282.jpg,1
1283.jpg,2
1284.jpg,3
1285.jpg,4
1286.jpg,5
1287.jpg,6
1288.jpg,7
1289.jpg,8
1290.jpg,9
1291.jpg,10
1292.jpg,11
1293.jpg,12
1294.jpg,13
1295.jpg,14
1296.jpg,15
1297.jpg,0
1298.jpg,1
1299.jpg,2
1300.jpg,3
1301.jpg,4
1302.jpg,5
1303.jpg,6
1304.jpg,7
1305.jpg,8
1306.jpg,9
1307.jpg,10
1308.jpg,11
1309.jpg,12
1310.jpg,13
1311.jpg,14
1312.jpg,15
1313.jpg,0
1314.jpg,1
1315.jpg,2
1316.jpg,3
1317.jpg,4
1318.jpg,5
1319.jpg,6
1320.jpg,7
1321.jpg,8
1322.jpg,9
1323.jpg,10
1324.jpg,11
1325.jpg,12
1326.jpg,13
1327.jpg,14
1328.jpg,15
1329.jpg,0
1330.jpg,1
1331.jpg,2
1332.jpg,3
1333.jpg,4
1334.jpg,5
1335.jpg,6
1336.jpg,7
1337.jpg,8
1338.jpg,9
1339.jpg,10
1340.jpg,11
1341.jpg,12
1342.jpg,13
1343.jpg,14
1344.jpg,15
1345.jpg,0
1346.jpg,1
1347.jpg,2
1348.jpg,3
1349.jpg,4
1350.jpg,5
1351.jpg,6
1352.jpg,7
1353.jpg,8
1354.jpg,9
1355.jpg,10
1356.jpg,11
1357.jpg,12
1358.jpg,13
1359.jpg,14
1360.jpg,15
1361.jpg,0
1362.jpg,1
1363.jpg,2
1364.jpg,3
1365.jpg,4
1366.jpg,5
1367.jpg,6
1368.jpg,7
1369.jpg,8
1370.jpg,9
1371.jpg,10
1372.jpg,11
1373.jpg,12
1374.jpg,13
1375.jpg,14
1376.jpg,15
1377.jpg,0
1378.jpg,1
1379.jpg,2
1380.jpg,3
1381.jpg,4
1382.jpg,5
1383.jpg,6
1384.jpg,7
1385.jpg,8
1386.jpg,9
1387.jpg,10
1388.jpg,11
1389.jpg,12
1390.jpg,13
1391.jpg,14
1392.jpg,15
1393.jpg,0
1394.jpg,1
1395.jpg,2
1396.jpg,3
1397.jpg,4
1398.jpg,5
1399.jpg,6
1400.jpg,7
1401.jpg,8
1402.jpg,9
1403.jpg,10
1404.jpg,11
1405.jpg,12
1406.jpg,13
1407.jpg,14
1408.jpg,15
1409.jpg,0
1410.jpg,1
1411.jpg,2
1412.jpg,3
1413.jpg,4
1414.jpg,5
1415.jpg,6
1416.jpg,7
1417.jpg,8
1418.jpg,9
1419.jpg,10
1420.jpg,11
1421.jpg,12
1422.jpg,13
1423.jpg,14
1424.jpg,15
1425.jpg,0
1426.jpg,1
1427.jpg,2
1428.jpg,3
1429.jpg,4
1430.jpg,5
1431.jpg,6
1432.jpg,7
1433.jpg,8
1434.jpg,9
1435.jpg,10
1436.jpg,11
1437.jpg,12
1438.jpg,13
1439.jpg,14
1440.jpg,15
1441.jpg,0
1442.jpg,1
1443.jpg,2
1444.jpg,3
1445.jpg,4
1446.jpg,5
1447.jpg,6
1448.jpg,7
1449.jpg,8
1450.jpg,9
1451.jpg,10
1452.jpg,11
1453.jpg,12
1454.jpg,13
1455.jpg,14
1456.jpg,15
1457.jpg,0
1458.jpg,1
1459.jpg,2
1460.jpg,3
1461.jpg,4
1462.jpg,5
1463.jpg,6
1464.jpg,7
1465.jpg,8
1466.jpg,9
1467.jpg,10
1468.jpg,11
1469.jpg,12
1470.jpg,13
1471.jpg,14
1472.jpg,15
1473.jpg,0
1474.jpg,1
1475.jpg,2
1476.jpg,3
1477.jpg,4
1478.jpg,5
1479.jpg,6
1480.jpg,7
1481.jpg,8
1482.jpg,9
1483.jpg,10
1484.jpg,11
1485.jpg,12
1486.jpg,13
1487.jpg,14
1488.jpg,15
1489.jpg,0
1490.jpg,1
1491.jpg,2
1492.jpg,3
1493.jpg,4
1494.jpg,5
1495.jpg,6
1496.jpg,7
1497.jpg,8
1498.jpg,9
1499.jpg,10
1500.jpg,11
1501.jpg,12
1502.jpg,13
1503.jpg,14
1504.jpg,15
1505.jpg,0
1506.jpg,1
1507.jpg,2
1508.jpg,3
1509.jpg,4
1510.jpg,5
1511.jpg,6
1512.jpg,7
1513.jpg,8
1514.jpg,9
1515.jpg,10
1516.jpg,11
1517.jpg,12
1518.jpg,13
1519.jpg,14
1520.jpg,15
1521.jpg,0
1522.jpg,1
1523.jpg,2
1524.jpg,3
1525.jpg,4
1526.jpg,5
1527.jpg,6
1528.jpg,7
1529.jpg,8
1530.jpg,9
1531.jpg,10
1532.jpg,11
1533.jpg,12
1534.jpg,13
1535.jpg,14
1536.jpg,15
1537.jpg,0
1538.jpg,1
1539.jpg,2
1540.jpg,3
1541.jpg,4
1542.jpg,5
1543.jpg,6
1544.jpg,7
1545.jpg,8
1546.jpg,9
1547.jpg,10
1548.jpg,11
1549.jpg,12
1550.jpg,13
1551.jpg,14
1552.jpg,15
1553.jpg,0
1554.jpg,1
1555.jpg,2
1556.jpg,3
1557.jpg,4
1558.jpg,5
1559.jpg,6
1560.jpg,7
1561.jpg,8
1562.jpg,9
1563.jpg,10
1564.jpg,11
1565.jpg,12
1566.jpg,13
1567.jpg,14
1568.jpg,15
1569.jpg,0
1570.jpg,1
1571.jpg,2
1572.jpg,3
1573.jpg,4
1574.jpg,5
1575.jpg,6
1576.jpg,7
1577.jpg,8
1578.jpg,9
1579.jpg,10
1580.jpg,11
1581.jpg,12
1582.jpg,13
1583.jpg,14
1584.jpg,15
1585.jpg,0
1586.jpg,1
1587.jpg,2
1588.jpg,3
1589.jpg,4
1590.jpg,5
1591.jpg,6
1592.jpg,7
1593.jpg,8
1594.jpg,9
1595.jpg,10
1596.jpg,11
1597.jpg,12
1598.jpg,13
1599.jpg,14
1600.jpg,15
1601.jpg,0
1602.jpg,1
1603.jpg,2
1604.jpg,3
1605.jpg,4
1606.jpg,5
1607.jpg,6
1608.jpg,7
1609.jpg,8
1610.jpg,9
1611.jpg,10
1612.jpg,11
1613.jpg,12
1614.jpg,13
1615.jpg,14
1616.jpg,15
1617.jpg,0
1618.jpg,1
1619.jpg,2
1620.jpg,3
1621.jpg,4
1622.jpg,5
1623.jpg,6
1624.jpg,7
1625.jpg,8
1626.jpg,9
1627.jpg,10
1628.jpg,11
1629.jpg,12
1630.jpg,13
1631.jpg,14
1632.jpg,15
1633.jpg,0
1634.jpg,1
1635.jpg,2
1636.jpg,3
1637.jpg,4
1638.jpg,5
1639.jpg,6
1640.jpg,7
1641.jpg,8
1642.jpg,9
1643.jpg,10
1644.jpg,11
1645.jpg,12
1646.jpg,13
1647.jpg,14
1648.jpg,15
1649.jpg,0
1650.jpg,1
1651.jpg,2
1652.jpg,3
1653.jpg,4
1654.jpg,5
1655.jpg,6
1656.jpg,7
1657.jpg,8
1658.jpg,9
1659.jpg,10
1660.jpg,11
1661.jpg,12
1662.jpg,13
1663.jpg,14
1664.jpg,15
1665.jpg,0
1666.jpg,0
1667.jpg,0
1668.jpg,0
1669.jpg,0
1670.jpg,0
1671.jpg,0
1672.jpg,0
1673.jpg,1
1674.jpg,1
1675.jpg,1
1676.jpg,1
1677.jpg,1
1678.jpg,1
1679.jpg,1
1680.jpg,1
1681.jpg,2
1682.jpg,2
1683.jpg,2
1684.jpg,2
1685.jpg,2
1686.jpg,2
1687.jpg,2
1688.jpg,2
1689.jpg,3
1690.jpg,3
1691.jpg,3
1692.jpg,3
1693.jpg,3
1694.jpg,3
1695.jpg,3
1696.jpg,3
1697.jpg,4
1698.jpg,4
1699.jpg,4
1700.jpg,4
1701.jpg,4
1702.jpg,4
1703.jpg,4
1704.jpg,4
1705.jpg,5
1706.jpg,5
1707.jpg,5
1708.jpg,5
1709.jpg,5
1710.jpg,5
1711.jpg,5
1712.jpg,5
1713.jpg,6
1714.jpg,6
1715.jpg,6
1716.jpg,6
1717.jpg,6
1718.jpg,6
1719.jpg,6
1720.jpg,6
1721.jpg,7
1722.jpg,7
1723.jpg,7
1724.jpg,7
1725.jpg,7
1726.jpg,7
1727.jpg,7
1728.jpg,7
1729.jpg,8
1730.jpg,8
1731.jpg,8
1732.jpg,8
1733.jpg,8
1734.jpg,8
1735.jpg,8
1736.jpg,8
1737.jpg,9
1738.jpg,9
1739.jpg,9
1740.jpg,9
1741.jpg,9
1742.jpg,9
1743.jpg,9
1744.jpg,9
1745.jpg,10
1746.jpg,10
1747.jpg,10
1748.jpg,10
1749.jpg,10
1750.jpg,10
1751.jpg,10
1752.jpg,10
1753.jpg,11
1754.jpg,11
1755.jpg,11
1756.jpg,11
1757.jpg,11
1758.jpg,11
1759.jpg,11
1760.jpg,11
1761.jpg,12
1762.jpg,12
1763.jpg,12
1764.jpg,12
1765.jpg,12
1766.jpg,12
1767.jpg,12
1768.jpg,12
1769.jpg,13
1770.jpg,13
1771.jpg,13
1772.jpg,13
1773.jpg,13
1774.jpg,13
1775.jpg,13
1776.jpg,13
1777.jpg,14
1778.jpg,14
1779.jpg,14
1780.jpg,14
1781.jpg,14
1782.jpg,14
1783.jpg,14
1784.jpg,14
1785.jpg,15
1786.jpg,15
1787.jpg,15
1788.jpg,15
1789.jpg,15
1790.jpg,15
1791.jpg,15
1792.jpg,15
1793.jpg,0
1794.jpg,1
1795.jpg,2
1796.jpg,3
1797.jpg,4
1798.jpg,5
1799.jpg,6
1800.jpg,7
1801.jpg,8
1802.jpg,9
1803.jpg,10
1804.jpg,11
1805.jpg,12
1806.jpg,13
1807.jpg,14
1808.jpg,15
1809.jpg,0
1810.jpg,1
1811.jpg,2
1812.jpg,3
1813.jpg,4
1814.jpg,5
1815.jpg,6
1816.jpg,7
1817.jpg,8
1818.jpg,9
1819.jpg,10
1820.jpg,11
1821.jpg,12
1822.jpg,13
1823.jpg,14
1824.jpg,15
1825.jpg,0
1826.jpg,1
1827.jpg,2
1828.jpg,3
1829.jpg,4
1830.jpg,5
1831.jpg,6
1832.jpg,7
1833.jpg,8
1834.jpg,9
1835.jpg,10
1836.jpg,11
1837.jpg,12
1838.jpg,13
1839.jpg,14
1840.jpg,15
1841.jpg,0
1842.jpg,1
1843.jpg,2
1844.jpg,3
1845.jpg,4
1846.jpg,5
1847.jpg,6
1848.jpg,7
1849.jpg,8
1850.jpg,9
1851.jpg,10
1852.jpg,11
1853.jpg,12
1854.jpg,13
1855.jpg,14
1856.jpg,15
1857.jpg,0
1858.jpg,1
1859.jpg,2
1860.jpg,3
1861.jpg,4
1862.jpg,5
1863.jpg,6
1864.jpg,7
1865.jpg,8
1866.jpg,9
1867.jpg,10
1868.jpg,11
1869.jpg,12
1870.jpg,13
1871.jpg,14
1872.jpg,15
1873.jpg,0
1874.jpg,1
1875.jpg,2
1876.jpg,3
1877.jpg,4
1878.jpg,5
1879.jpg,6
1880.jpg,7
1881.jpg,8
1882.jpg,9
1883.jpg,10
1884.jpg,11
1885.jpg,12
1886.jpg,13
1887.jpg,14
1888.jpg,15
1889.jpg,0
1890.jpg,1
1891.jpg,2
1892.jpg,3
1893.jpg,4
1894.jpg,5
1895.jpg,6
1896.jpg,7
1897.jpg,8
1898.jpg,9
1899.jpg,10
1900.jpg,11
1901.jpg,12
1902.jpg,13
1903.jpg,14
1904.jpg,15
1905.jpg,0
1906.jpg,1
1907.jpg,2
1908.jpg,3
1909.jpg,4
1910.jpg,5
1911.jpg,6
1912.jpg,7
1913.jpg,8
1914.jpg,9
1915.jpg,10
1916.jpg,11
1917.jpg,12
1918.jpg,13
1919.jpg,14
1920.jpg,15
1921.jpg,0
1922.jpg,1
1923.jpg,2
1924.jpg,3
1925.jpg,4
1926.jpg,5
1927.jpg,6
1928.jpg,7
1929.jpg,8
1930.jpg,9
1931.jpg,10
1932.jpg,12
1933.jpg,13
1934.jpg,14
1935.jpg,15
1936.jpg,0
1937.jpg,1
1938.jpg,2
1939.jpg,3
1940.jpg,4
1941.jpg,5
1942.jpg,6
1943.jpg,7
1944.jpg,8
1945.jpg,9
1946.jpg,10
1947.jpg,11
1948.jpg,12
1949.jpg,13
1950.jpg,14
1951.jpg,15
1952.jpg,0
1953.jpg,1
1954.jpg,2
1955.jpg,3
1956.jpg,4
1957.jpg,5
1958.jpg,6
1959.jpg,7
1960.jpg,8
1961.jpg,9
1962.jpg,10
1963.jpg,11
1964.jpg,12
1965.jpg,13
1966.jpg,14
1967.jpg,15
1968.jpg,0
1969.jpg,1
1970.jpg,2
1971.jpg,3
1972.jpg,4
1973.jpg,5
1974.jpg,6
1975.jpg,7
1976.jpg,8
1977.jpg,9
1978.jpg,10
1979.jpg,11
1980.jpg,12
1981.jpg,13
1982.jpg,14
1983.jpg,15
1984.jpg,0
1985.jpg,1
1986.jpg,2
1987.jpg,3
1988.jpg,4
1989.jpg,5
1990.jpg,6
1991.jpg,7
1992.jpg,8
1993.jpg,9
1994.jpg,10
1995.jpg,11
1996.jpg,12
1997.jpg,13
1998.jpg,14
1999.jpg,15
2000.jpg,0
2001.jpg,1
2002.jpg,2
2003.jpg,3
2004.jpg,4
2005.jpg,5
2006.jpg,6
2007.jpg,7
2008.jpg,8
2009.jpg,9
2010.jpg,10
2011.jpg,11
2012.jpg,12
2013.jpg,13
2014.jpg,14
2015.jpg,15
2016.jpg,0
2017.jpg,1
2018.jpg,2
2019.jpg,3
2020.jpg,4
2021.jpg,5
2022.jpg,6
2023.jpg,7
2024.jpg,8
2025.jpg,9
2026.jpg,10
2027.jpg,11
2028.jpg,12
2029.jpg,13
2030.jpg,14
2031.jpg,15
2032.jpg,0
2033.jpg,1
2034.jpg,2
2035.jpg,3
2036.jpg,4
2037.jpg,5
2038.jpg,6
2039.jpg,7
2040.jpg,8
2041.jpg,9
2042.jpg,10
2043.jpg,11
2044.jpg,12
2045.jpg,13
2046.jpg,14
2047.jpg,15
2048.jpg,11
2049.jpg,0
2050.jpg,2
2051.jpg,1
2052.jpg,3
2053.jpg,4
2054.jpg,5
2055.jpg,6
2056.jpg,7
2057.jpg,8
2058.jpg,9
2059.jpg,10
2060.jpg,11
2061.jpg,12
2062.jpg,13
2063.jpg,14
2064.jpg,15
2065.jpg,0
2066.jpg,1
2067.jpg,2
2068.jpg,3
2069.jpg,4
2070.jpg,5
2071.jpg,6
2072.jpg,7
2073.jpg,8
2074.jpg,9
2075.jpg,10
2076.jpg,11
2077.jpg,12
2078.jpg,13
2079.jpg,14
2080.jpg,15
2081.jpg,0
2082.jpg,1
2083.jpg,2
2084.jpg,3
2085.jpg,4
2086.jpg,5
2087.jpg,6
2088.jpg,7
2089.jpg,8
2090.jpg,9
2091.jpg,10
2092.jpg,11
2093.jpg,12
2094.jpg,13
2095.jpg,14
2096.jpg,15
2097.jpg,0
2098.jpg,1
2099.jpg,2
2100.jpg,3
2101.jpg,4
2102.jpg,5
2103.jpg,6
2104.jpg,7
2105.jpg,8
2106.jpg,9
2107.jpg,10
2108.jpg,11
2109.jpg,12
2110.jpg,13
2111.jpg,14
2112.jpg,15
2113.jpg,0
2114.jpg,1
2115.jpg,2
2116.jpg,3
2117.jpg,4
2118.jpg,5
2119.jpg,6
2120.jpg,7
2121.jpg,8
2122.jpg,9
2123.jpg,10
2124.jpg,11
2125.jpg,12
2126.jpg,13
2127.jpg,14
2128.jpg,15
2129.jpg,0
2130.jpg,1
2131.jpg,2
2132.jpg,3
2133.jpg,4
2134.jpg,5
2135.jpg,6
2136.jpg,7
2137.jpg,8
2138.jpg,9
2139.jpg,10
2140.jpg,11
2141.jpg,12
2142.jpg,13
2143.jpg,14
2144.jpg,15
2145.jpg,0
2146.jpg,1
2147.jpg,2
2148.jpg,3
2149.jpg,4
2150.jpg,5
2151.jpg,6
2152.jpg,7
2153.jpg,8
2154.jpg,9
2155.jpg,10
2156.jpg,11
2157.jpg,12
2158.jpg,13
2159.jpg,14
2160.jpg,15
2161.jpg,0
2162.jpg,1
2163.jpg,2
2164.jpg,3
2165.jpg,4
2166.jpg,5
2167.jpg,6
2168.jpg,7
2169.jpg,8
2170.jpg,9
2171.jpg,10
2172.jpg,11
2173.jpg,12
2174.jpg,13
2175.jpg,14
2176.jpg,15
2177.jpg,0
2178.jpg,1
2179.jpg,2
2180.jpg,3
2181.jpg,4
2182.jpg,5
2183.jpg,6
2184.jpg,7
2185.jpg,8
2186.jpg,9
2187.jpg,10
2188.jpg,11
2189.jpg,12
2190.jpg,13
2191.jpg,14
2192.jpg,15
2193.jpg,0
2194.jpg,1
2195.jpg,2
2196.jpg,3
2197.jpg,4
2198.jpg,5
2199.jpg,6
2200.jpg,7
2201.jpg,8
2202.jpg,9
2203.jpg,10
2204.jpg,11
2205.jpg,12
2206.jpg,13
2207.jpg,14
2208.jpg,15
2209.jpg,0
2210.jpg,1
2211.jpg,2
2212.jpg,3
2213.jpg,4
2214.jpg,5
2215.jpg,6
2216.jpg,7
2217.jpg,8
2218.jpg,9
2219.jpg,10
2220.jpg,11
2221.jpg,12
2222.jpg,13
2223.jpg,14
2224.jpg,15
2225.jpg,0
2226.jpg,1
2227.jpg,2
2228.jpg,3
2229.jpg,4
2230.jpg,5
2231.jpg,6
2232.jpg,7
2233.jpg,8
2234.jpg,9
2235.jpg,10
2236.jpg,11
2237.jpg,12
2238.jpg,13
2239.jpg,14
2240.jpg,15
2241.jpg,0
2242.jpg,1
2243.jpg,2
2244.jpg,3
2245.jpg,4
2246.jpg,5
2247.jpg,6
2248.jpg,7
2249.jpg,8
2250.jpg,9
2251.jpg,10
2252.jpg,11
2253.jpg,12
2254.jpg,13
2255.jpg,14
2256.jpg,15
2257.jpg,0
2258.jpg,1
2259.jpg,2
2260.jpg,3
2261.jpg,4
2262.jpg,5
2263.jpg,6
2264.jpg,7
2265.jpg,8
2266.jpg,9
2267.jpg,10
2268.jpg,11
2269.jpg,12
2270.jpg,13
2271.jpg,14
2272.jpg,15
2273.jpg,0
2274.jpg,1
2275.jpg,2
2276.jpg,3
2277.jpg,4
2278.jpg,5
2279.jpg,6
2280.jpg,7
2281.jpg,8
2282.jpg,9
2283.jpg,10
2284.jpg,11
2285.jpg,12
2286.jpg,13
2287.jpg,14
2288.jpg,15
2289.jpg,0
2290.jpg,1
2291.jpg,2
2292.jpg,3
2293.jpg,4
2294.jpg,5
2295.jpg,6
2296.jpg,7
2297.jpg,8
2298.jpg,9
2299.jpg,10
2300.jpg,11
2301.jpg,12
2302.jpg,13
2303.jpg,14
2304.jpg,15
2305.jpg,0
2306.jpg,1
2307.jpg,2
2308.jpg,3
2309.jpg,4
2310.jpg,5
2311.jpg,6
2312.jpg,7
2313.jpg,8
2314.jpg,9
2315.jpg,10
2316.jpg,11
2317.jpg,12
2318.jpg,13
2319.jpg,14
2320.jpg,15
2321.jpg,0
2322.jpg,1
2323.jpg,2
2324.jpg,3
2325.jpg,4
2326.jpg,5
2327.jpg,6
2328.jpg,7
2329.jpg,8
2330.jpg,9
2331.jpg,10
2332.jpg,11
2333.jpg,12
2334.jpg,13
2335.jpg,14
2336.jpg,15
2337.jpg,0
2338.jpg,1
2339.jpg,2
2340.jpg,3
2341.jpg,4
2342.jpg,5
2343.jpg,6
2344.jpg,7
2345.jpg,8
2346.jpg,9
2347.jpg,10
2348.jpg,11
2349.jpg,12
2350.jpg,13
2351.jpg,14
2352.jpg,15
2353.jpg,0
2354.jpg,1
2355.jpg,2
2356.jpg,3
2357.jpg,4
2358.jpg,5
2359.jpg,6
2360.jpg,7
2361.jpg,8
2362.jpg,9
2363.jpg,10
2364.jpg,11
2365.jpg,12
2366.jpg,13
2367.jpg,14
2368.jpg,15
2369.jpg,0
2370.jpg,1
2371.jpg,2
2372.jpg,3
2373.jpg,4
2374.jpg,5
2375.jpg,6
2376.jpg,7
2377.jpg,8
2378.jpg,9
2379.jpg,10
2380.jpg,11
2381.jpg,12
2382.jpg,13
2383.jpg,14
2384.jpg,15
2385.jpg,0
2386.jpg,1
2387.jpg,2
2388.jpg,3
2389.jpg,4
2390.jpg,5
2391.jpg,6
2392.jpg,7
2393.jpg,8
2394.jpg,9
2395.jpg,10
2396.jpg,11
2397.jpg,12
2398.jpg,13
2399.jpg,14
2400.jpg,15
2401.jpg,0
2402.jpg,1
2403.jpg,2
2404.jpg,3
2405.jpg,4
2406.jpg,5
2407.jpg,6
2408.jpg,7
2409.jpg,8
2410.jpg,9
2411.jpg,10
2412.jpg,11
2413.jpg,12
2414.jpg,13
2415.jpg,14
2416.jpg,15
2417.jpg,0
2418.jpg,1
2419.jpg,2
2420.jpg,3
2421.jpg,4
2422.jpg,5
2423.jpg,6
2424.jpg,7
2425.jpg,8
2426.jpg,9
2427.jpg,10
2428.jpg,11
2429.jpg,12
2430.jpg,13
2431.jpg,14
2432.jpg,15
2433.jpg,0
2434.jpg,1
2435.jpg,2
2436.jpg,3
2437.jpg,4
2438.jpg,5
2439.jpg,6
2440.jpg,7
2441.jpg,8
2442.jpg,9
2443.jpg,10
2444.jpg,11
2445.jpg,12
2446.jpg,13
2447.jpg,14
2448.jpg,15
2449.jpg,0
2450.jpg,1
2451.jpg,2
2452.jpg,3
2453.jpg,4
2454.jpg,5
2455.jpg,6
2456.jpg,7
2457.jpg,8
2458.jpg,9
2459.jpg,10
2460.jpg,11
2461.jpg,12
2462.jpg,13
2463.jpg,14
2464.jpg,15
2465.jpg,0
2466.jpg,1
2467.jpg,2
2468.jpg,3
2469.jpg,4
2470.jpg,5
2471.jpg,6
2472.jpg,7
2473.jpg,8
2474.jpg,9
2475.jpg,10
2476.jpg,11
2477.jpg,12
2478.jpg,13
2479.jpg,14
2480.jpg,15
2481.jpg,0
2482.jpg,1
2483.jpg,2
2484.jpg,3
2485.jpg,4
2486.jpg,5
2487.jpg,6
2488.jpg,7
2489.jpg,8
2490.jpg,9
2491.jpg,10
2492.jpg,11
2493.jpg,12
2494.jpg,13
2495.jpg,14
2496.jpg,15
2497.jpg,0
2498.jpg,1
2499.jpg,2
2500.jpg,3
2501.jpg,4
2502.jpg,5
2503.jpg,6
2504.jpg,7
2505.jpg,8
2506.jpg,9
2507.jpg,10
2508.jpg,11
2509.jpg,12
2510.jpg,13
2511.jpg,14
2512.jpg,15
2513.jpg,0
2514.jpg,1
2515.jpg,2
2516.jpg,3
2517.jpg,4
2518.jpg,5
2519.jpg,6
2520.jpg,7
2521.jpg,8
2522.jpg,9
2523.jpg,10
2524.jpg,11
2525.jpg,12
2526.jpg,13
2527.jpg,14
2528.jpg,15
2529.jpg,0
2530.jpg,1
2531.jpg,2
2532.jpg,3
2533.jpg,4
2534.jpg,5
2535.jpg,6
2536.jpg,7
2537.jpg,8
2538.jpg,9
2539.jpg,10
2540.jpg,11
2541.jpg,12
2542.jpg,13
2543.jpg,14
2544.jpg,15
2545.jpg,0
2546.jpg,1
2547.jpg,2
2548.jpg,3
2549.jpg,4
2550.jpg,5
2551.jpg,6
2552.jpg,7
2553.jpg,8
2554.jpg,9
2555.jpg,10
2556.jpg,11
2557.jpg,12
2558.jpg,13
2559.jpg,14
2560.jpg,15
2561.jpg,0
2562.jpg,1
2563.jpg,2
2564.jpg,3
2565.jpg,4
2566.jpg,5
2567.jpg,6
2568.jpg,7
2569.jpg,8
2570.jpg,9
2571.jpg,10
2572.jpg,11
2573.jpg,12
2574.jpg,13
2575.jpg,14
2576.jpg,15
2577.jpg,0
2578.jpg,1
2579.jpg,2
2580.jpg,3
2581.jpg,4
2582.jpg,5
2583.jpg,6
2584.jpg,7
2585.jpg,8
2586.jpg,9
2587.jpg,10
2588.jpg,11
2589.jpg,12
2590.jpg,13
2591.jpg,14
2592.jpg,15
2593.jpg,0
2594.jpg,1
2595.jpg,2
2596.jpg,3
2597.jpg,4
2598.jpg,5
2599.jpg,6
2600.jpg,7
2601.jpg,8
2602.jpg,9
2603.jpg,10
2604.jpg,11
2605.jpg,12
2606.jpg,13
2607.jpg,14
2608.jpg,15
2609.jpg,0
2610.jpg,1
2611.jpg,2
2612.jpg,3
2613.jpg,4
2614.jpg,5
2615.jpg,6
2616.jpg,7
2617.jpg,8
2618.jpg,9
2619.jpg,10
2620.jpg,11
2621.jpg,12
2622.jpg,13
2623.jpg,14
2624.jpg,15
2625.jpg,0
2626.jpg,1
2627.jpg,2
2628.jpg,3
2629.jpg,4
2630.jpg,5
2631.jpg,6
2632.jpg,7
2633.jpg,8
2634.jpg,9
2635.jpg,10
2636.jpg,11
2637.jpg,12
2638.jpg,13
2639.jpg,14
2640.jpg,15
2641.jpg,0
2642.jpg,1
2643.jpg,2
2644.jpg,3
2645.jpg,4
2646.jpg,5
2647.jpg,6
2648.jpg,7
2649.jpg,8
2650.jpg,9
2651.jpg,10
2652.jpg,11
2653.jpg,12
2654.jpg,13
2655.jpg,14
2656.jpg,15
2657.jpg,0
2658.jpg,1
2659.jpg,2
2660.jpg,3
2661.jpg,4
2662.jpg,5
2663.jpg,6
2664.jpg,7
2665.jpg,8
2666.jpg,9
2667.jpg,10
2668.jpg,11
2669.jpg,12
2670.jpg,13
2671.jpg,14
2672.jpg,15
2673.jpg,0
2674.jpg,1
2675.jpg,2
2676.jpg,3
2677.jpg,4
2678.jpg,5
2679.jpg,6
2680.jpg,7
2681.jpg,8
2682.jpg,9
2683.jpg,10
2684.jpg,11
2685.jpg,12
2686.jpg,13
2687.jpg,14
2688.jpg,15
2689.jpg,0
2690.jpg,1
2691.jpg,2
2692.jpg,3
2693.jpg,4
2694.jpg,5
2695.jpg,6
2696.jpg,7
2697.jpg,8
2698.jpg,9
2699.jpg,10
2700.jpg,11
2701.jpg,12
2702.jpg,13
2703.jpg,14
2704.jpg,15
2705.jpg,0
2706.jpg,1
2707.jpg,2
2708.jpg,3
2709.jpg,4
2710.jpg,5
2711.jpg,6
2712.jpg,7
2713.jpg,8
2714.jpg,9
2715.jpg,10
2716.jpg,11
2717.jpg,12
2718.jpg,13
2719.jpg,14
2720.jpg,15
2721.jpg,0
2722.jpg,1
2723.jpg,2
2724.jpg,3
2725.jpg,4
2726.jpg,5
2727.jpg,6
2728.jpg,7
2729.jpg,8
2730.jpg,9
2731.jpg,10
2732.jpg,11
2733.jpg,12
2734.jpg,13
2735.jpg,14
2736.jpg,15
2737.jpg,0
2738.jpg,1
2739.jpg,2
2740.jpg,3
2741.jpg,4
2742.jpg,5
2743.jpg,6
2744.jpg,7
2745.jpg,8
2746.jpg,9
2747.jpg,10
2748.jpg,11
2749.jpg,12
2750.jpg,13
2751.jpg,14
2752.jpg,15
2753.jpg,0
2754.jpg,1
2755.jpg,2
2756.jpg,3
2757.jpg,4
2758.jpg,5
2759.jpg,6
2760.jpg,7
2761.jpg,8
2762.jpg,9
2763.jpg,10
2764.jpg,11
2765.jpg,12
2766.jpg,13
2767.jpg,14
2768.jpg,15
2769.jpg,0
2770.jpg,1
2771.jpg,2
2772.jpg,3
2773.jpg,4
2774.jpg,5
2775.jpg,6
2776.jpg,7
2777.jpg,8
2778.jpg,9
2779.jpg,10
2780.jpg,11
2781.jpg,12
2782.jpg,13
2783.jpg,14
2784.jpg,15
2785.jpg,0
2786.jpg,1
2787.jpg,2
2788.jpg,3
2789.jpg,4
2790.jpg,5
2791.jpg,6
2792.jpg,7
2793.jpg,8
2794.jpg,9
2795.jpg,10
2796.jpg,11
2797.jpg,12
2798.jpg,13
2799.jpg,14
2800.jpg,15
2801.jpg,0
2802.jpg,1
2803.jpg,2
2804.jpg,3
2805.jpg,4
2806.jpg,5
2807.jpg,6
2808.jpg,7
2809.jpg,8
2810.jpg,9
2811.jpg,10
2812.jpg,11
2813.jpg,12
2814.jpg,13
2815.jpg,14
2816.jpg,15
2817.jpg,0
2818.jpg,0
2819.jpg,0
2820.jpg,0
2821.jpg,0
2822.jpg,0
2823.jpg,0
2824.jpg,0
2825.jpg,1
2826.jpg,1
2827.jpg,1
2828.jpg,1
2829.jpg,1
2830.jpg,1
2831.jpg,1
2832.jpg,1
2833.jpg,2
2834.jpg,2
2835.jpg,2
2836.jpg,2
2837.jpg,2
2838.jpg,2
2839.jpg,2
2840.jpg,2
2841.jpg,3
2842.jpg,3
2843.jpg,3
2844.jpg,3
2845.jpg,3
2846.jpg,3
2847.jpg,3
2848.jpg,3
2849.jpg,4
2850.jpg,4
2851.jpg,4
2852.jpg,4
2853.jpg,4
2854.jpg,4
2855.jpg,4
2856.jpg,4
2857.jpg,5
2858.jpg,5
2859.jpg,5
2860.jpg,5
2861.jpg,5
2862.jpg,5
2863.jpg,5
2864.jpg,5
2865.jpg,6
2866.jpg,6
2867.jpg,6
2868.jpg,6
2869.jpg,6
2870.jpg,6
2871.jpg,6
2872.jpg,6
2873.jpg,7
2874.jpg,7
2875.jpg,7
2876.jpg,7
2877.jpg,7
2878.jpg,7
2879.jpg,7
2880.jpg,7
2881.jpg,8
2882.jpg,8
2883.jpg,8
2884.jpg,8
2885.jpg,8
2886.jpg,8
2887.jpg,8
2888.jpg,8
2889.jpg,9
2890.jpg,9
2891.jpg,9
2892.jpg,9
2893.jpg,9
2894.jpg,9
2895.jpg,9
2896.jpg,9
2897.jpg,10
2898.jpg,10
2899.jpg,10
2900.jpg,10
2901.jpg,10
2902.jpg,10
2903.jpg,10
2904.jpg,10
2905.jpg,11
2906.jpg,11
2907.jpg,11
2908.jpg,11
2909.jpg,11
2910.jpg,11
2911.jpg,11
2912.jpg,11
2913.jpg,12
2914.jpg,12
2915.jpg,12
2916.jpg,12
2917.jpg,12
2918.jpg,12
2919.jpg,12
2920.jpg,12
2921.jpg,13
2922.jpg,13
2923.jpg,13
2924.jpg,13
2925.jpg,13
2926.jpg,13
2927.jpg,13
2928.jpg,13
2929.jpg,14
2930.jpg,14
2931.jpg,14
2932.jpg,14
2933.jpg,14
2934.jpg,14
2935.jpg,14
2936.jpg,14
2937.jpg,15
2938.jpg,15
2939.jpg,15
2940.jpg,15
2941.jpg,15
2942.jpg,15
2943.jpg,15
2944.jpg,15
2945.jpg,0
2946.jpg,1
2947.jpg,2
2948.jpg,3
2949.jpg,4
2950.jpg,5
2951.jpg,6
2952.jpg,7
2953.jpg,8
2954.jpg,9
2955.jpg,10
2956.jpg,11
2957.jpg,12
2958.jpg,13
2959.jpg,14
2960.jpg,15
2961.jpg,0
2962.jpg,1
2963.jpg,2
3072.jpg,3
2964.jpg,4
2965.jpg,5
2966.jpg,6
2967.jpg,7
2968.jpg,8
2969.jpg,9
2970.jpg,10
2971.jpg,11
2972.jpg,12
2973.jpg,13
2974.jpg,14
2975.jpg,15
2976.jpg,0
2977.jpg,1
2978.jpg,2
2979.jpg,3
2980.jpg,4
2981.jpg,5
2982.jpg,6
2983.jpg,7
2984.jpg,8
2985.jpg,9
2986.jpg,10
2987.jpg,11
2988.jpg,12
2989.jpg,13
2990.jpg,14
2991.jpg,15
2992.jpg,0
2993.jpg,1
2994.jpg,2
2995.jpg,3
2996.jpg,4
2997.jpg,5
2998.jpg,6
2999.jpg,7
3000.jpg,8
3001.jpg,9
3002.jpg,10
3003.jpg,11
3004.jpg,12
3005.jpg,13
3006.jpg,14
3007.jpg,15
3008.jpg,0
3009.jpg,1
3010.jpg,2
3011.jpg,3
3012.jpg,4
3013.jpg,5
3014.jpg,6
3015.jpg,7
3016.jpg,8
3017.jpg,9
3018.jpg,10
3019.jpg,11
3020.jpg,12
3021.jpg,13
3022.jpg,14
3023.jpg,15
3024.jpg,0
3025.jpg,1
3026.jpg,2
3027.jpg,3
3028.jpg,4
3029.jpg,5
3030.jpg,6
3031.jpg,7
3032.jpg,8
3033.jpg,9
3034.jpg,10
3035.jpg,11
3036.jpg,12
3037.jpg,13
3038.jpg,14
3039.jpg,15
3040.jpg,0
3041.jpg,1
3042.jpg,2
3043.jpg,3
3044.jpg,4
3045.jpg,5
3046.jpg,6
3047.jpg,7
3048.jpg,8
3049.jpg,9
3050.jpg,10
3051.jpg,11
3052.jpg,12
3053.jpg,13
3054.jpg,14
3055.jpg,15
3056.jpg,0
3057.jpg,1
3058.jpg,2
3059.jpg,3
3060.jpg,4
3061.jpg,5
3062.jpg,6
3063.jpg,7
3064.jpg,8
3065.jpg,9
3066.jpg,10
3067.jpg,11
3068.jpg,12
3069.jpg,13
3070.jpg,14
3071.jpg,15
3073.jpg,0
3074.jpg,1
3075.jpg,2
3076.jpg,3
3077.jpg,4
3078.jpg,5
3079.jpg,6
3080.jpg,7
3081.jpg,8
3082.jpg,9
3083.jpg,10
3084.jpg,11
3085.jpg,12
3086.jpg,13
3087.jpg,14
3088.jpg,15
3089.jpg,0
3090.jpg,1
3091.jpg,2
3092.jpg,3
3093.jpg,4
3094.jpg,5
3095.jpg,6
3096.jpg,7
3097.jpg,8
3098.jpg,9
3099.jpg,10
3100.jpg,11
3101.jpg,12
3102.jpg,13
3103.jpg,14
3104.jpg,15
3105.jpg,0
3106.jpg,1
3107.jpg,2
3108.jpg,3
3109.jpg,4
3110.jpg,5
3111.jpg,6
3112.jpg,7
3113.jpg,8
3114.jpg,9
3115.jpg,10
3116.jpg,11
3117.jpg,12
3118.jpg,13
3119.jpg,14
3120.jpg,15
3121.jpg,0
3122.jpg,1
3123.jpg,2
3124.jpg,3
3125.jpg,4
3126.jpg,5
3127.jpg,6
3128.jpg,7
3129.jpg,8
3130.jpg,9
3131.jpg,10
3132.jpg,11
3133.jpg,12
3134.jpg,13
3135.jpg,14
3136.jpg,15
3137.jpg,0
3138.jpg,1
3139.jpg,2
3140.jpg,3
3141.jpg,4
3142.jpg,5
3143.jpg,6
3144.jpg,7
3145.jpg,8
3146.jpg,9
3147.jpg,10
3148.jpg,11
3149.jpg,12
3150.jpg,13
3151.jpg,14
3152.jpg,15
3153.jpg,0
3154.jpg,1
3155.jpg,2
3156.jpg,3
3157.jpg,4
3158.jpg,5
3159.jpg,6
3160.jpg,7
3161.jpg,8
3162.jpg,9
3163.jpg,10
3164.jpg,11
3165.jpg,12
3166.jpg,13
3167.jpg,14
3168.jpg,15
3169.jpg,0
3170.jpg,1
3171.jpg,2
3172.jpg,3
3173.jpg,4
3174.jpg,5
3175.jpg,6
3176.jpg,7
3177.jpg,8
3178.jpg,9
3179.jpg,10
3180.jpg,11
3181.jpg,12
3182.jpg,13
3183.jpg,14
3184.jpg,15
3185.jpg,0
3186.jpg,1
3187.jpg,2
3188.jpg,3
3189.jpg,4
3190.jpg,5
3191.jpg,6
3192.jpg,7
3193.jpg,8
3194.jpg,9
3195.jpg,10
3196.jpg,11
3197.jpg,12
3198.jpg,13
3199.jpg,14
3200.jpg,15
3201.jpg,0
3202.jpg,1
3203.jpg,2
3204.jpg,3
3205.jpg,4
3206.jpg,5
3207.jpg,6
3208.jpg,7
3209.jpg,8
3210.jpg,9
3211.jpg,10
3212.jpg,11
3213.jpg,12
3214.jpg,13
3215.jpg,14
3216.jpg,15
3217.jpg,0
3218.jpg,1
3219.jpg,2
3220.jpg,3
3221.jpg,4
3222.jpg,5
3223.jpg,6
3224.jpg,7
3225.jpg,8
3226.jpg,9
3227.jpg,10
3228.jpg,11
3229.jpg,12
3230.jpg,13
3231.jpg,14
3232.jpg,15
3233.jpg,0
3234.jpg,1
3235.jpg,2
3236.jpg,3
3237.jpg,4
3238.jpg,5
3239.jpg,6
3240.jpg,7
3241.jpg,8
3242.jpg,9
3243.jpg,10
3244.jpg,11
3245.jpg,12
3246.jpg,13
3247.jpg,14
3248.jpg,15
3249.jpg,0
3250.jpg,1
3251.jpg,2
3252.jpg,3
3253.jpg,4
3254.jpg,5
3255.jpg,6
3256.jpg,7
3257.jpg,8
3258.jpg,9
3259.jpg,10
3260.jpg,11
3261.jpg,12
3262.jpg,13
3263.jpg,14
3264.jpg,15
3265.jpg,0
3266.jpg,1
3267.jpg,2
3268.jpg,3
3269.jpg,4
3270.jpg,5
3271.jpg,6
3272.jpg,7
3273.jpg,8
3274.jpg,9
3275.jpg,10
3276.jpg,11
3277.jpg,12
3278.jpg,13
3279.jpg,14
3280.jpg,15
3281.jpg,0
3282.jpg,1
3283.jpg,2
3284.jpg,3
3285.jpg,4
3286.jpg,5
3287.jpg,6
3288.jpg,7
3289.jpg,8
3290.jpg,9
3291.jpg,10
3292.jpg,11
3293.jpg,12
3294.jpg,13
3295.jpg,14
3296.jpg,15
3297.jpg,0
3298.jpg,1
3299.jpg,2
3300.jpg,3
3301.jpg,4
3302.jpg,5
3303.jpg,6
3304.jpg,7
3305.jpg,8
3306.jpg,9
3307.jpg,10
3308.jpg,11
3309.jpg,12
3310.jpg,13
3311.jpg,14
3312.jpg,15
3313.jpg,0
3314.jpg,1
3315.jpg,2
3316.jpg,3
3317.jpg,4
3318.jpg,5
3319.jpg,6
3320.jpg,7
3321.jpg,8
3322.jpg,9
3323.jpg,10
3324.jpg,11
3325.jpg,12
3326.jpg,13
3327.jpg,14
3328.jpg,15
3329.jpg,0
3330.jpg,1
3331.jpg,2
3332.jpg,3
3333.jpg,4
3334.jpg,5
3335.jpg,6
3336.jpg,7
3337.jpg,8
3338.jpg,9
3339.jpg,10
3340.jpg,11
3341.jpg,12
3342.jpg,13
3343.jpg,14
3344.jpg,15
3345.jpg,0
3346.jpg,1
3347.jpg,2
3348.jpg,3
3349.jpg,4
3350.jpg,5
3351.jpg,6
3352.jpg,7
3353.jpg,8
3354.jpg,9
3355.jpg,10
3356.jpg,11
3357.jpg,12
3358.jpg,13
3359.jpg,14
3360.jpg,15
3361.jpg,0
3362.jpg,1
3363.jpg,2
3364.jpg,3
3365.jpg,4
3366.jpg,5
3367.jpg,6
3368.jpg,7
3369.jpg,8
3370.jpg,9
3371.jpg,10
3372.jpg,11
3373.jpg,12
3374.jpg,13
3375.jpg,14
3376.jpg,15
3377.jpg,0
3378.jpg,1
3379.jpg,2
3380.jpg,3
3381.jpg,4
3382.jpg,5
3383.jpg,6
3384.jpg,7
3385.jpg,8
3386.jpg,9
3387.jpg,10
3388.jpg,11
3389.jpg,12
3390.jpg,13
3391.jpg,14
3392.jpg,15
3393.jpg,0
3394.jpg,1
3395.jpg,2
3396.jpg,3
3397.jpg,4
3398.jpg,5
3399.jpg,6
3400.jpg,7
3401.jpg,8
3202.jpg,9
3403.jpg,10
3404.jpg,11
3405.jpg,12
3406.jpg,13
3407.jpg,14
3408.jpg,15
3409.jpg,0
3410.jpg,1
3411.jpg,2
3412.jpg,3
3413.jpg,4
3414.jpg,5
3415.jpg,6
3416.jpg,7
3417.jpg,8
3418.jpg,9
3419.jpg,10
3420.jpg,11
3421.jpg,12
3422.jpg,13
3423.jpg,14
3424.jpg,15
3425.jpg,0
3426.jpg,1
3427.jpg,2
3428.jpg,3
3429.jpg,4
3430.jpg,5
3431.jpg,6
3432.jpg,7
3433.jpg,8
3434.jpg,9
3435.jpg,10
3436.jpg,11
3437.jpg,12
3438.jpg,13
3439.jpg,14
3440.jpg,15
3441.jpg,0
3442.jpg,1
3443.jpg,2
3444.jpg,3
3445.jpg,4
3446.jpg,5
3447.jpg,6
3448.jpg,7
3449.jpg,8
3450.jpg,9
3451.jpg,10
3452.jpg,11
3453.jpg,12
3454.jpg,13
3455.jpg,14
3456.jpg,15
3457.jpg,0
3458.jpg,0
3459.jpg,0
3460.jpg,0
3461.jpg,0
3462.jpg,0
3463.jpg,0
3464.jpg,0
3465.jpg,1
3466.jpg,1
3467.jpg,1
3468.jpg,1
3469.jpg,1
3470.jpg,1
3470.jpg,1
3472.jpg,1
3473.jpg,2
3474.jpg,2
3475.jpg,2
3476.jpg,2
3477.jpg,2
3478.jpg,2
3479.jpg,2
3480.jpg,2
3481.jpg,3
3482.jpg,3
3483.jpg,3
3484.jpg,3
3485.jpg,3
3486.jpg,3
3487.jpg,3
3488.jpg,3
3489.jpg,4
3490.jpg,4
3491.jpg,4
3492.jpg,4
3493.jpg,4
3494.jpg,4
3495.jpg,4
3496.jpg,4
3497.jpg,5
3498.jpg,5
3499.jpg,5
3500.jpg,5
3501.jpg,5
3502.jpg,5
3503.jpg,5
3504.jpg,5
3505.jpg,6
3506.jpg,6
3507.jpg,6
3508.jpg,6
3509.jpg,6
3510.jpg,6
3511.jpg,6
3512.jpg,6
3513.jpg,7
3514.jpg,7
3515.jpg,7
3516.jpg,7
3517.jpg,7
3518.jpg,7
3519.jpg,7
3520.jpg,7
3521.jpg,8
3522.jpg,8
3523.jpg,8
3524.jpg,8
3525.jpg,8
3526.jpg,8
3527.jpg,8
3528.jpg,8
3529.jpg,9
3530.jpg,9
3531.jpg,9
3532.jpg,9
3533.jpg,9
3534.jpg,9
3535.jpg,9
3536.jpg,9
3537.jpg,10
3538.jpg,10
3539.jpg,10
3540.jpg,10
3541.jpg,10
3542.jpg,10
3543.jpg,10
3544.jpg,10
3545.jpg,11
3546.jpg,11
3547.jpg,11
3548.jpg,11
3549.jpg,11
3550.jpg,11
3551.jpg,11
3552.jpg,11
3553.jpg,12
3554.jpg,12
3555.jpg,12
3556.jpg,12
3557.jpg,12
3558.jpg,12
3559.jpg,12
3560.jpg,12
3561.jpg,13
3562.jpg,13
3563.jpg,13
3564.jpg,13
3565.jpg,13
3566.jpg,13
3567.jpg,13
3568.jpg,13
3569.jpg,14
3570.jpg,14
3571.jpg,14
3572.jpg,14
3573.jpg,14
3574.jpg,14
3575.jpg,14
3576.jpg,14
3577.jpg,15
3578.jpg,15
3579.jpg,15
3580.jpg,15
3581.jpg,15
3582.jpg,15
3583.jpg,15
3584.jpg,15
3585.jpg,0
3586.jpg,1
3587.jpg,2
3588.jpg,3
3589.jpg,4
3590.jpg,5
3591.jpg,6
3592.jpg,7
3593.jpg,8
3594.jpg,9
3595.jpg,10
3596.jpg,11
3597.jpg,12
3598.jpg,13
3599.jpg,14
3600.jpg,15
3601.jpg,0
3602.jpg,1
3603.jpg,2
3604.jpg,3
3605.jpg,4
3606.jpg,5
3607.jpg,6
3608.jpg,7
3609.jpg,8
3610.jpg,9
3611.jpg,10
3612.jpg,11
3613.jpg,12
3614.jpg,13
3615.jpg,14
3616.jpg,15
3617.jpg,0
3618.jpg,1
3619.jpg,2
3620.jpg,3
3621.jpg,4
3622.jpg,5
3623.jpg,6
3624.jpg,7
3625.jpg,8
3626.jpg,9
3627.jpg,10
3628.jpg,11
3629.jpg,12
3630.jpg,13
3631.jpg,14
3632.jpg,15
3633.jpg,0
3634.jpg,1
3635.jpg,2
3636.jpg,3
3637.jpg,4
3638.jpg,5
3639.jpg,6
3640.jpg,7
3641.jpg,8
3642.jpg,9
3643.jpg,10
3644.jpg,11
3645.jpg,12
3646.jpg,13
3647.jpg,14
3648.jpg,15
3649.jpg,0
3650.jpg,1
3651.jpg,2
3652.jpg,3
3653.jpg,4
3654.jpg,5
3655.jpg,6
3656.jpg,7
3657.jpg,8
3658.jpg,9
3659.jpg,10
3660.jpg,11
3661.jpg,12
3662.jpg,13
3663.jpg,14
3664.jpg,15
3665.jpg,0
3666.jpg,1
3667.jpg,2
3668.jpg,3
3669.jpg,4
3670.jpg,5
3671.jpg,6
3672.jpg,7
3673.jpg,8
3674.jpg,9
3675.jpg,10
3676.jpg,11
3677.jpg,12
3678.jpg,13
3679.jpg,14
3680.jpg,15
3681.jpg,0
3682.jpg,1
3683.jpg,2
3684.jpg,3
3685.jpg,4
3686.jpg,5
3687.jpg,6
3688.jpg,7
3689.jpg,8
3690.jpg,9
3691.jpg,10
3692.jpg,11
3693.jpg,12
3694.jpg,13
3695.jpg,14
3696.jpg,15
3697.jpg,0
3698.jpg,1
3699.jpg,2
3700.jpg,3
3701.jpg,4
3702.jpg,5
3703.jpg,6
3704.jpg,7
3705.jpg,8
3706.jpg,9
3707.jpg,10
3708.jpg,11
3709.jpg,12
3710.jpg,13
3711.jpg,14
3712.jpg,15
3713.jpg,0
3714.jpg,0
3715.jpg,0
3716.jpg,0
3717.jpg,0
3718.jpg,0
3719.jpg,0
3720.jpg,0
3721.jpg,1
3722.jpg,1
3723.jpg,1
3724.jpg,1
3725.jpg,1
3726.jpg,1
3727.jpg,1
3728.jpg,1
3729.jpg,2
3730.jpg,2
3731.jpg,2
3732.jpg,2
3733.jpg,2
3734.jpg,2
3735.jpg,2
3736.jpg,2
3737.jpg,3
3738.jpg,3
3739.jpg,3
3740.jpg,3
3741.jpg,3
3742.jpg,3
3743.jpg,3
3744.jpg,3
3745.jpg,4
3746.jpg,4
3747.jpg,4
3748.jpg,4
3749.jpg,4
3750.jpg,4
3751.jpg,4
3752.jpg,4
3753.jpg,5
3754.jpg,5
3755.jpg,5
3756.jpg,5
3757.jpg,5
3758.jpg,5
3759.jpg,5
3760.jpg,5
3761.jpg,6
3762.jpg,6
3763.jpg,14
3764.jpg,6
3765.jpg,6
3766.jpg,6
3767.jpg,6
3768.jpg,6
3769.jpg,6
3770.jpg,7
3771.jpg,7
3772.jpg,7
3773.jpg,7
3774.jpg,7
3775.jpg,7
3776.jpg,7
3777.jpg,7
3778.jpg,8
3779.jpg,8
3780.jpg,8
3781.jpg,8
3782.jpg,8
3783.jpg,8
3784.jpg,8
3785.jpg,8
3786.jpg,9
3787.jpg,9
3788.jpg,9
3789.jpg,9
3790.jpg,9
3791.jpg,9
3792.jpg,9
3793.jpg,9
3794.jpg,10
3795.jpg,10
3796.jpg,10
3797.jpg,10
3798.jpg,10
3799.jpg,10
3800.jpg,10
3801.jpg,10
3802.jpg,11
3803.jpg,11
3804.jpg,11
3805.jpg,11
3806.jpg,11
3807.jpg,11
3808.jpg,11
3809.jpg,11
3810.jpg,12
3811.jpg,12
3812.jpg,12
3813.jpg,12
3814.jpg,12
3815.jpg,12
3816.jpg,12
3817.jpg,12
3818.jpg,13
3819.jpg,13
3820.jpg,13
3821.jpg,13
3822.jpg,13
3823.jpg,13
3824.jpg,13
3825.jpg,13
3826.jpg,14
3827.jpg,14
3828.jpg,14
3829.jpg,14
3830.jpg,14
3831.jpg,14
3832.jpg,14
3833.jpg,15
3834.jpg,15
3835.jpg,15
3836.jpg,15
3837.jpg,15
3838.jpg,15
3839.jpg,15
3840.jpg,15
3841.jpg,0
3842.jpg,1
3843.jpg,2
3844.jpg,3
3845.jpg,4
3846.jpg,5
3847.jpg,6
3848.jpg,7
3849.jpg,8
3850.jpg,9
3851.jpg,10
3852.jpg,11
3853.jpg,12
3854.jpg,13
3855.jpg,14
3856.jpg,15
3857.jpg,0
3858.jpg,1
3859.jpg,2
3860.jpg,3
3861.jpg,4
3862.jpg,5
3863.jpg,6
3864.jpg,7
3865.jpg,8
3866.jpg,9
3867.jpg,10
3868.jpg,11
3869.jpg,12
3870.jpg,13
3871.jpg,14
3872.jpg,15
3873.jpg,0
3874.jpg,1
3875.jpg,2
3876.jpg,3
3877.jpg,4
3878.jpg,5
3879.jpg,6
3880.jpg,7
3881.jpg,8
3882.jpg,9
3883.jpg,10
3884.jpg,11
3885.jpg,12
3886.jpg,13
3887.jpg,14
3888.jpg,15
3889.jpg,0
3890.jpg,1
3891.jpg,2
3892.jpg,3
3893.jpg,4
3894.jpg,5
3895.jpg,6
3896.jpg,7
3897.jpg,8
3898.jpg,9
3899.jpg,10
3900.jpg,11
3901.jpg,12
3902.jpg,13
3903.jpg,14
3904.jpg,15
3905.jpg,0
3906.jpg,1
3907.jpg,2
3908.jpg,3
3909.jpg,4
3910.jpg,5
3911.jpg,6
3912.jpg,7
3913.jpg,8
3914.jpg,9
3915.jpg,10
3916.jpg,11
3917.jpg,12
3918.jpg,13
3919.jpg,14
3920.jpg,15
3921.jpg,0
3922.jpg,1
3923.jpg,2
3924.jpg,3
3925.jpg,4
3926.jpg,5
3927.jpg,6
3928.jpg,7
3929.jpg,8
3930.jpg,9
3931.jpg,10
3932.jpg,11
3933.jpg,12
3934.jpg,13
3935.jpg,14
3936.jpg,15
3937.jpg,0
3938.jpg,1
3939.jpg,2
3940.jpg,3
3941.jpg,4
3942.jpg,5
3943.jpg,6
3944.jpg,7
3945.jpg,8
3946.jpg,9
3947.jpg,10
3948.jpg,11
3949.jpg,12
3950.jpg,13
3951.jpg,14
3952.jpg,15
3953.jpg,0
3954.jpg,1
3955.jpg,2
3956.jpg,3
3957.jpg,4
3958.jpg,5
3959.jpg,6
3960.jpg,7
3961.jpg,8
3962.jpg,9
3963.jpg,10
3964.jpg,11
3965.jpg,12
3966.jpg,13
3967.jpg,14
3968.jpg,15
3969.jpg,0
3970.jpg,1
3971.jpg,2
3972.jpg,3
3973.jpg,4
3974.jpg,5
3975.jpg,6
3976.jpg,7
3977.jpg,8
3978.jpg,9
3979.jpg,10
3980.jpg,11
3981.jpg,12
3982.jpg,13
3983.jpg,14
3984.jpg,15
3985.jpg,0
3986.jpg,1
3987.jpg,2
3988.jpg,3
3989.jpg,4
3990.jpg,5
3991.jpg,6
3992.jpg,7
3993.jpg,8
3994.jpg,9
3995.jpg,10
3996.jpg,11
3997.jpg,12
3998.jpg,13
3999.jpg,14
4000.jpg,15
4001.jpg,0
4002.jpg,1
4003.jpg,2
4004.jpg,3
4005.jpg,4
4006.jpg,5
4007.jpg,6
4008.jpg,7
4009.jpg,8
4010.jpg,9
4011.jpg,10
4012.jpg,11
4013.jpg,12
4014.jpg,13
4015.jpg,14
4016.jpg,15
4017.jpg,0
4018.jpg,1
4019.jpg,2
4020.jpg,3
4021.jpg,4
4022.jpg,5
4023.jpg,6
4024.jpg,7
4025.jpg,8
4026.jpg,9
4027.jpg,10
4028.jpg,11
4029.jpg,12
4030.jpg,13
4031.jpg,14
4032.jpg,15
4033.jpg,0
4034.jpg,1
4035.jpg,2
4036.jpg,3
4037.jpg,4
4038.jpg,5
4039.jpg,6
4040.jpg,7
4041.jpg,8
4042.jpg,9
4043.jpg,10
4044.jpg,11
4045.jpg,12
4046.jpg,13
4047.jpg,14
4048.jpg,15
4049.jpg,0
4050.jpg,1
4051.jpg,2
4052.jpg,3
4053.jpg,4
4054.jpg,5
4055.jpg,6
4056.jpg,7
4057.jpg,8
4058.jpg,9
4059.jpg,10
4060.jpg,11
4061.jpg,12
4062.jpg,13
4063.jpg,14
4064.jpg,15
4065.jpg,0
4066.jpg,1
4067.jpg,2
4068.jpg,3
4069.jpg,4
4070.jpg,5
4071.jpg,6
4072.jpg,7
4073.jpg,8
4074.jpg,9
4075.jpg,10
4076.jpg,11
4077.jpg,12
4078.jpg,13
4079.jpg,14
4080.jpg,15
4081.jpg,0
4082.jpg,1
4083.jpg,2
4084.jpg,3
4085.jpg,4
4086.jpg,5
4087.jpg,6
4088.jpg,7
4089.jpg,8
4090.jpg,9
4091.jpg,10
4092.jpg,11
4093.jpg,12
4094.jpg,13
4095.jpg,14
4096.jpg,15
4097.jpg,0
4098.jpg,1
4099.jpg,2
4100.jpg,3
4101.jpg,4
4102.jpg,5
4103.jpg,6
4104.jpg,7
4105.jpg,8
4106.jpg,9
4107.jpg,10
4108.jpg,11
4109.jpg,12
4110.jpg,13
4111.jpg,14
4112.jpg,15
4113.jpg,0
4114.jpg,1
4115.jpg,2
4116.jpg,3
4117.jpg,4
4118.jpg,5
4119.jpg,6
4120.jpg,7
4121.jpg,8
4122.jpg,9
4123.jpg,10
4124.jpg,11
4125.jpg,12
4126.jpg,13
4127.jpg,14
4128.jpg,15
4129.jpg,0
4130.jpg,1
4131.jpg,2
4132.jpg,3
4133.jpg,4
4134.jpg,5
4135.jpg,6
4136.jpg,7
4137.jpg,8
4138.jpg,9
4139.jpg,10
4140.jpg,11
4141.jpg,12
4142.jpg,13
4143.jpg,14
4144.jpg,15
4145.jpg,0
4146.jpg,1
4147.jpg,2
4148.jpg,3
4149.jpg,4
4150.jpg,5
4151.jpg,6
4152.jpg,7
4153.jpg,8
4154.jpg,9
4155.jpg,10
4156.jpg,11
4157.jpg,12
4158.jpg,13
4159.jpg,14
4160.jpg,15
4161.jpg,0
4162.jpg,1
4163.jpg,2
4164.jpg,3
4165.jpg,4
4166.jpg,5
4167.jpg,6
4168.jpg,7
4169.jpg,8
4170.jpg,9
4171.jpg,10
4172.jpg,11
4173.jpg,12
4174.jpg,13
4175.jpg,14
4176.jpg,15
4177.jpg,0
4178.jpg,1
4179.jpg,2
4180.jpg,3
4181.jpg,4
4182.jpg,5
4183.jpg,6
4184.jpg,7
4185.jpg,8
4186.jpg,9
4187.jpg,10
4188.jpg,11
4189.jpg,12
4190.jpg,13
4191.jpg,14
4192.jpg,15
4193.jpg,0
4194.jpg,1
4195.jpg,2
4196.jpg,3
4197.jpg,4
4198.jpg,5
4199.jpg,6
4200.jpg,7
4201.jpg,8
4202.jpg,9
4203.jpg,10
4204.jpg,11
4205.jpg,12
4206.jpg,13
4207.jpg,14
4208.jpg,15
4209.jpg,0
4210.jpg,1
4211.jpg,2
4212.jpg,3
4213.jpg,4
4214.jpg,5
4215.jpg,6
4216.jpg,7
4217.jpg,8
4218.jpg,9
4219.jpg,10
4220.jpg,11
4221.jpg,12
4222.jpg,13
4223.jpg,14
4224.jpg,15
4225.jpg,0
4226.jpg,1
4227.jpg,2
4228.jpg,3
4229.jpg,4
4230.jpg,5
4231.jpg,6
4232.jpg,7
4233.jpg,8
4234.jpg,9
4235.jpg,10
4236.jpg,11
4237.jpg,12
4238.jpg,13
4239.jpg,14
4240.jpg,15
4241.jpg,0
4242.jpg,1
4243.jpg,2
4244.jpg,3
4245.jpg,4
4246.jpg,5
4247.jpg,6
4248.jpg,7
4249.jpg,8
4250.jpg,9
4251.jpg,10
4252.jpg,11
4253.jpg,12
4254.jpg,13
4255.jpg,14
4256.jpg,15
4257.jpg,0
4258.jpg,1
4259.jpg,2
4260.jpg,3
4261.jpg,4
4262.jpg,5
4263.jpg,6
4264.jpg,7
4265.jpg,8
4266.jpg,9
4267.jpg,10
4268.jpg,11
4269.jpg,12
4270.jpg,13
4271.jpg,14
4272.jpg,15
4273.jpg,0
4274.jpg,1
4275.jpg,2
4276.jpg,3
4277.jpg,4
4278.jpg,5
4279.jpg,6
4280.jpg,7
4281.jpg,8
4282.jpg,9
4283.jpg,10
4284.jpg,11
4285.jpg,12
4286.jpg,13
4287.jpg,14
4288.jpg,15
4289.jpg,0
4290.jpg,1
4291.jpg,2
4292.jpg,3
4293.jpg,4
4294.jpg,5
4295.jpg,6
4296.jpg,7
4297.jpg,8
4298.jpg,9
4299.jpg,10
4300.jpg,11
4301.jpg,12
4302.jpg,13
4303.jpg,14
4304.jpg,15
4305.jpg,0
4306.jpg,1
4307.jpg,2
4308.jpg,3
4309.jpg,4
4310.jpg,5
4311.jpg,6
4312.jpg,7
4313.jpg,8
4314.jpg,9
4315.jpg,10
4316.jpg,11
4317.jpg,12
4318.jpg,13
4319.jpg,14
4320.jpg,15
4321.jpg,0
4322.jpg,1
4323.jpg,2
4324.jpg,3
4325.jpg,4
4326.jpg,5
4327.jpg,6
4328.jpg,7
4329.jpg,8
4330.jpg,9
4331.jpg,10
4332.jpg,11
4333.jpg,12
4334.jpg,13
4335.jpg,14
4336.jpg,15
4337.jpg,0
4338.jpg,1
4339.jpg,2
4340.jpg,3
4341.jpg,4
4342.jpg,5
4343.jpg,6
4344.jpg,7
4345.jpg,8
4346.jpg,9
4347.jpg,10
4348.jpg,11
4349.jpg,12
4350.jpg,13
4351.jpg,14
4352.jpg,15
4353.jpg,0
4354.jpg,1
4355.jpg,2
4356.jpg,3
4357.jpg,4
4358.jpg,5
4359.jpg,6
4360.jpg,7
4361.jpg,8
4362.jpg,9
4363.jpg,10
4364.jpg,11
4365.jpg,12
4366.jpg,13
4367.jpg,14
4368.jpg,15
4369.jpg,0
4370.jpg,1
4371.jpg,2
4372.jpg,3
4373.jpg,4
4374.jpg,5
4375.jpg,6
4376.jpg,7
4377.jpg,8
4378.jpg,9
4379.jpg,10
4380.jpg,11
4381.jpg,12
4382.jpg,13
4383.jpg,14
4384.jpg,15
4385.jpg,0
4386.jpg,1
4387.jpg,2
4388.jpg,3
4389.jpg,4
4390.jpg,5
4391.jpg,6
4392.jpg,7
4393.jpg,8
4394.jpg,9
4395.jpg,10
4396.jpg,11
4397.jpg,12
4398.jpg,13
4399.jpg,14
4400.jpg,15
4401.jpg,0
4402.jpg,1
4403.jpg,2
4404.jpg,3
4405.jpg,4
4406.jpg,5
4407.jpg,6
4408.jpg,7
4409.jpg,8
4410.jpg,9
4411.jpg,10
4412.jpg,11
4413.jpg,12
4414.jpg,13
4415.jpg,14
4416.jpg,15
4417.jpg,0
4418.jpg,1
4419.jpg,2
4420.jpg,3
4421.jpg,4
4422.jpg,5
4423.jpg,6
4424.jpg,7
4425.jpg,8
4426.jpg,9
4427.jpg,10
4428.jpg,11
4429.jpg,12
4430.jpg,13
4431.jpg,14
4432.jpg,15
4433.jpg,0
4434.jpg,1
4435.jpg,2
4436.jpg,3
4437.jpg,4
4438.jpg,5
4439.jpg,6
4440.jpg,7
4441.jpg,8
4442.jpg,9
4443.jpg,10
4444.jpg,11
4445.jpg,12
4446.jpg,13
4447.jpg,14
4448.jpg,15
4449.jpg,0
4450.jpg,1
4451.jpg,2
4452.jpg,3
4453.jpg,4
4454.jpg,5
4455.jpg,6
4456.jpg,7
4457.jpg,8
4458.jpg,9
4459.jpg,10
4460.jpg,11
4461.jpg,12
4462.jpg,13
4463.jpg,14
4464.jpg,15
4465.jpg,0
4466.jpg,1
4467.jpg,2
4468.jpg,3
4469.jpg,4
4470.jpg,5
4471.jpg,6
4472.jpg,7
4473.jpg,8
4474.jpg,9
4475.jpg,10
4476.jpg,11
4477.jpg,12
4478.jpg,13
4479.jpg,14
4480.jpg,15
4481.jpg,0
4482.jpg,9
4483.jpg,0
4484.jpg,1
4485.jpg,5
4486.jpg,9
4487.jpg,13
4488.jpg,1
4489.jpg,2
4490.jpg,3
4491.jpg,4
4492.jpg,5
4493.jpg,10
4494.jpg,6
4495.jpg,7
4496.jpg,8
4497.jpg,9
4498.jpg,10
4499.jpg,11
4500.jpg,12
4501.jpg,13
4502.jpg,14
4503.jpg,15
4504.jpg,11
4505.jpg,0
4506.jpg,2
4507.jpg,6
4508.jpg,10
4509.jpg,14
4510.jpg,3
4511.jpg,7
4512.jpg,11
4513.jpg,15
4514.jpg,12
4515.jpg,13
4516.jpg,14
4517.jpg,15
4518.jpg,0
4519.jpg,1
4520.jpg,2
4521.jpg,1
4522.jpg,3
4523.jpg,4
4524.jpg,5
4525.jpg,6
4526.jpg,7
4527.jpg,8
4528.jpg,9
4529.jpg,10
4530.jpg,11
4531.jpg,12
4532.jpg,2
4533.jpg,13
4534.jpg,14
4535.jpg,15
4536.jpg,0
4537.jpg,1
4538.jpg,2
4539.jpg,3
4540.jpg,4
4541.jpg,5
4542.jpg,6
4543.jpg,3
4544.jpg,7
4545.jpg,8
4546.jpg,9
4547.jpg,10
4548.jpg,11
4549.jpg,12
4550.jpg,13
4551.jpg,14
4552.jpg,15
4553.jpg,1
4554.jpg,4
4555.jpg,2
4556.jpg,3
4557.jpg,4
4558.jpg,5
4559.jpg,6
4560.jpg,7
4561.jpg,8
4562.jpg,9
4563.jpg,10
4564.jpg,11
4565.jpg,5
4566.jpg,12
4567.jpg,13
4568.jpg,14
4569.jpg,15
4570.jpg,0
4571.jpg,1
4572.jpg,2
4573.jpg,3
4574.jpg,4
4575.jpg,5
4576.jpg,6
4577.jpg,6
4578.jpg,7
4579.jpg,8
4580.jpg,9
4581.jpg,10
4582.jpg,11
4583.jpg,12
4584.jpg,13
4585.jpg,14
4586.jpg,15
4587.jpg,7
4588.jpg,0
4589.jpg,0
4590.jpg,4
4591.jpg,8
4592.jpg,12
4593.jpg,1
4594.jpg,2
4595.jpg,3
4596.jpg,4
4597.jpg,5
4598.jpg,8
4599.jpg,6
4600.jpg,7
4601.jpg,8
4602.jpg,9
4603.jpg,10
4604.jpg,11
4605.jpg,12
4606.jpg,13
4607.jpg,14
4608.jpg,15
4609.jpg,0
4610.jpg,0
4611.jpg,0
4612.jpg,0
4613.jpg,0
4614.jpg,0
4615.jpg,0
4616.jpg,0
4617.jpg,1
4618.jpg,1
4619.jpg,1
4620.jpg,1
4621.jpg,1
4622.jpg,1
4623.jpg,1
4624.jpg,1
4625.jpg,2
4626.jpg,2
4627.jpg,2
4628.jpg,2
4629.jpg,2
4630.jpg,2
4631.jpg,2
4632.jpg,2
4633.jpg,3
4634.jpg,3
4635.jpg,3
4636.jpg,3
4637.jpg,3
4638.jpg,3
4639.jpg,3
4640.jpg,3
4641.jpg,4
4642.jpg,4
4643.jpg,4
4644.jpg,4
4645.jpg,4
4646.jpg,4
4647.jpg,4
4648.jpg,4
4649.jpg,5
4650.jpg,5
4651.jpg,5
4652.jpg,5
4653.jpg,5
4654.jpg,5
4655.jpg,5
4656.jpg,5
4657.jpg,6
4658.jpg,6
4659.jpg,6
4660.jpg,6
4661.jpg,6
4662.jpg,6
4663.jpg,6
4664.jpg,6
4665.jpg,7
4666.jpg,7
4667.jpg,7
4668.jpg,7
4669.jpg,7
4670.jpg,7
4671.jpg,7
4672.jpg,7
4673.jpg,8
4674.jpg,8
4675.jpg,8
4676.jpg,8
4677.jpg,8
4678.jpg,8
4679.jpg,8
4680.jpg,8
4681.jpg,9
4682.jpg,9
4683.jpg,9
4684.jpg,9
4685.jpg,9
4686.jpg,9
4687.jpg,9
4688.jpg,9
4689.jpg,10
4690.jpg,10
4691.jpg,10
4692.jpg,10
4693.jpg,10
4694.jpg,10
4695.jpg,10
4696.jpg,10
4697.jpg,11
4698.jpg,11
4699.jpg,11
4700.jpg,11
4701.jpg,11
4702.jpg,11
4703.jpg,11
4704.jpg,11
4705.jpg,12
4706.jpg,12
4707.jpg,12
4708.jpg,12
4709.jpg,12
4710.jpg,12
4711.jpg,12
4712.jpg,12
4713.jpg,13
4714.jpg,13
4715.jpg,13
4716.jpg,13
4717.jpg,13
4718.jpg,13
4719.jpg,13
4720.jpg,13
4721.jpg,14
4722.jpg,14
4723.jpg,14
4724.jpg,14
4725.jpg,14
4726.jpg,14
4727.jpg,14
4728.jpg,14
4729.jpg,15
4730.jpg,15
4731.jpg,15
4732.jpg,15
4733.jpg,15
4734.jpg,15
4735.jpg,15
4736.jpg,15
4737.jpg,0
4738.jpg,0
4739.jpg,1
4740.jpg,2
4741.jpg,3
4742.jpg,4
4743.jpg,5
4744.jpg,6
4745.jpg,7
4746.jpg,8
4747.jpg,9
4748.jpg,10
4749.jpg,11
4750.jpg,12
4751.jpg,13
4752.jpg,14
4753.jpg,15
4754.jpg,1
4755.jpg,2
4756.jpg,3
4757.jpg,4
4758.jpg,5
4759.jpg,6
4760.jpg,7
4761.jpg,8
4762.jpg,9
4763.jpg,10
4764.jpg,11
4765.jpg,12
4766.jpg,13
4767.jpg,14
4768.jpg,15
4769.jpg,1
4770.jpg,2
4771.jpg,3
4772.jpg,4
4773.jpg,5
4774.jpg,6
4775.jpg,7
4776.jpg,8
4777.jpg,9
4778.jpg,10
4779.jpg,11
4780.jpg,12
4781.jpg,13
4782.jpg,14
4783.jpg,15
4784.jpg,1
4785.jpg,2
4786.jpg,3
4787.jpg,4
4788.jpg,5
4789.jpg,6
4790.jpg,7
4791.jpg,8
4792.jpg,9
4793.jpg,10
4794.jpg,11
4795.jpg,12
4796.jpg,13
4797.jpg,14
4798.jpg,15
4799.jpg,1
4800.jpg,2
4801.jpg,3
4802.jpg,4
4803.jpg,5
4804.jpg,6
4805.jpg,7
4806.jpg,8
4807.jpg,9
4808.jpg,10
4809.jpg,11
4810.jpg,12
4811.jpg,13
4812.jpg,14
4813.jpg,15
4814.jpg,1
4815.jpg,2
4816.jpg,3
4817.jpg,4
4818.jpg,5
4819.jpg,6
4820.jpg,7
4821.jpg,8
4822.jpg,9
4823.jpg,10
4824.jpg,11
4825.jpg,12
4826.jpg,13
4827.jpg,14
4828.jpg,15
4829.jpg,1
4830.jpg,2
4831.jpg,3
4832.jpg,4
4833.jpg,5
4834.jpg,6
4835.jpg,7
4836.jpg,8
4837.jpg,9
4838.jpg,10
4839.jpg,11
4840.jpg,12
4841.jpg,13
4842.jpg,14
4843.jpg,15
4844.jpg,0
4845.jpg,0
4846.jpg,0
4847.jpg,0
4848.jpg,0
4849.jpg,0
4850.jpg,1
4851.jpg,2
4852.jpg,3
4853.jpg,4
4854.jpg,5
4855.jpg,6
4856.jpg,7
4857.jpg,8
4858.jpg,9
4859.jpg,10
4860.jpg,11
4861.jpg,12
4862.jpg,13
4863.jpg,14
4864.jpg,15
4865.jpg,0
4866.jpg,1
4867.jpg,2
4868.jpg,3
4869.jpg,4
4870.jpg,5
4871.jpg,6
4872.jpg,7
4873.jpg,8
4874.jpg,9
4875.jpg,10
4876.jpg,11
4877.jpg,12
4878.jpg,13
4879.jpg,14
4880.jpg,15
4881.jpg,0
4882.jpg,1
4883.jpg,2
4884.jpg,3
4885.jpg,4
4886.jpg,5
4887.jpg,6
4888.jpg,7
4889.jpg,8
4890.jpg,9
4891.jpg,10
4892.jpg,11
4893.jpg,12
4894.jpg,13
4895.jpg,14
4896.jpg,15
4897.jpg,0
4898.jpg,1
4899.jpg,2
4900.jpg,3
4901.jpg,4
4902.jpg,5
4903.jpg,6
4904.jpg,7
4905.jpg,8
4906.jpg,9
4907.jpg,10
4908.jpg,11
4909.jpg,12
4910.jpg,13
4911.jpg,14
4912.jpg,15
4913.jpg,0
4914.jpg,1
4915.jpg,2
4916.jpg,3
4917.jpg,4
4918.jpg,5
4919.jpg,6
4920.jpg,7
4921.jpg,8
4922.jpg,9
4923.jpg,10
4924.jpg,11
4925.jpg,12
4926.jpg,13
4927.jpg,14
4928.jpg,15
4929.jpg,0
4930.jpg,1
4931.jpg,2
4932.jpg,3
4933.jpg,4
4934.jpg,5
4935.jpg,6
4936.jpg,7
4937.jpg,8
4938.jpg,9
4939.jpg,10
4940.jpg,11
4941.jpg,12
4942.jpg,13
4943.jpg,14
4944.jpg,15
4945.jpg,0
4946.jpg,1
4947.jpg,2
4948.jpg,3
4949.jpg,4
4950.jpg,5
4951.jpg,6
4952.jpg,7
4953.jpg,8
4954.jpg,9
4955.jpg,10
4956.jpg,11
4957.jpg,12
4958.jpg,13
4959.jpg,14
4960.jpg,15
4961.jpg,0
4962.jpg,1
4963.jpg,2
4964.jpg,3
4965.jpg,4
4966.jpg,5
4967.jpg,6
4968.jpg,7
4969.jpg,8
4970.jpg,9
4971.jpg,10
4972.jpg,11
4973.jpg,12
4974.jpg,13
4975.jpg,14
4976.jpg,15
4977.jpg,0
4978.jpg,1
4979.jpg,2
4980.jpg,3
4981.jpg,4
4982.jpg,5
4983.jpg,6
4984.jpg,7
4985.jpg,8
4986.jpg,9
4987.jpg,10
4988.jpg,11
4989.jpg,12
4990.jpg,13
4991.jpg,14
4992.jpg,15
4993.jpg,4
4994.jpg,5
4995.jpg,6
4996.jpg,7
4997.jpg,8
4998.jpg,9
4999.jpg,10
5000.jpg,11
5001.jpg,12
5002.jpg,13
5003.jpg,14
5004.jpg,15
5005.jpg,0
5006.jpg,0
5007.jpg,1
5008.jpg,2
5009.jpg,3
5010.jpg,4
5011.jpg,5
5012.jpg,6
5013.jpg,7
5014.jpg,8
5015.jpg,9
5016.jpg,10
5017.jpg,11
5018.jpg,12
5019.jpg,13
5020.jpg,14
5021.jpg,15
5022.jpg,0
5023.jpg,1
5024.jpg,2
5025.jpg,3
5026.jpg,4
5027.jpg,5
5028.jpg,6
5029.jpg,7
5030.jpg,8
5031.jpg,9
5032.jpg,10
5033.jpg,11
5034.jpg,12
5035.jpg,13
5036.jpg,14
5037.jpg,15
5038.jpg,0
5039.jpg,1
5040.jpg,2
5041.jpg,3
5042.jpg,4
5043.jpg,5
5044.jpg,6
5045.jpg,7
5046.jpg,8
5047.jpg,9
5048.jpg,10
5049.jpg,11
5050.jpg,12
5051.jpg,13
5052.jpg,14
5053.jpg,15
5054.jpg,0
5055.jpg,1
5056.jpg,2
5057.jpg,3
5058.jpg,4
5059.jpg,5
5060.jpg,6
5061.jpg,7
5062.jpg,8
5063.jpg,9
5064.jpg,10
5065.jpg,11
5066.jpg,11
5067.jpg,12
5068.jpg,13
5069.jpg,14
5070.jpg,15
5071.jpg,1
5072.jpg,2
5073.jpg,3
5074.jpg,5
5075.jpg,6
5076.jpg,7
5077.jpg,8
5078.jpg,9
5079.jpg,10
5080.jpg,11
5081.jpg,12
5082.jpg,13
5083.jpg,14
5084.jpg,15
5085.jpg,0
5086.jpg,1
5087.jpg,2
5088.jpg,3
5089.jpg,4
5090.jpg,5
5091.jpg,6
5092.jpg,7
5093.jpg,8
5094.jpg,9
5095.jpg,10
5096.jpg,11
5097.jpg,12
5098.jpg,13
5099.jpg,14
5100.jpg,15
5101.jpg,0
5102.jpg,1
5103.jpg,2
5104.jpg,3
5105.jpg,4
5106.jpg,5
5107.jpg,6
5108.jpg,7
5109.jpg,8
5110.jpg,9
5111.jpg,10
5112.jpg,11
5113.jpg,12
5114.jpg,13
5115.jpg,14
5116.jpg,15
5117.jpg,0
5118.jpg,1
5119.jpg,2
5120.jpg,3
5121.jpg,0
5122.jpg,1
5123.jpg,2
5124.jpg,3
5125.jpg,4
5126.jpg,5
5127.jpg,6
5128.jpg,7
5129.jpg,8
5130.jpg,9
5131.jpg,10
5132.jpg,11
5133.jpg,12
5134.jpg,13
5135.jpg,14
5136.jpg,15
5137.jpg,0
5138.jpg,1
5139.jpg,2
5140.jpg,3
5141.jpg,4
5142.jpg,5
5143.jpg,6
5144.jpg,7
5145.jpg,8
5146.jpg,9
5147.jpg,10
5148.jpg,11
5149.jpg,12
5150.jpg,13
5151.jpg,14
5152.jpg,15
5153.jpg,0
5154.jpg,1
5155.jpg,2
5156.jpg,3
5157.jpg,4
5158.jpg,5
5159.jpg,6
5160.jpg,7
5161.jpg,8
5162.jpg,9
5163.jpg,10
5164.jpg,11
5165.jpg,12
5166.jpg,13
5167.jpg,14
5168.jpg,15
5169.jpg,0
5170.jpg,1
5171.jpg,2
5172.jpg,3
5173.jpg,4
5174.jpg,5
5175.jpg,6
5176.jpg,7
5177.jpg,8
5178.jpg,9
5179.jpg,10
5180.jpg,11
5181.jpg,12
5182.jpg,13
5183.jpg,14
5184.jpg,15
5185.jpg,0
5186.jpg,1
5187.jpg,2
5188.jpg,3
5189.jpg,4
5190.jpg,5
5191.jpg,6
5192.jpg,7
5193.jpg,8
5194.jpg,9
5195.jpg,10
5196.jpg,11
5197.jpg,12
5198.jpg,13
5199.jpg,14
5200.jpg,15
5201.jpg,0
5202.jpg,1
5203.jpg,2
5204.jpg,3
5205.jpg,4
5206.jpg,5
5207.jpg,6
5208.jpg,7
5209.jpg,8
5210.jpg,9
5211.jpg,10
5212.jpg,11
5213.jpg,12
5214.jpg,13
5215.jpg,14
5216.jpg,15
5217.jpg,0
5218.jpg,1
5219.jpg,2
5220.jpg,3
5221.jpg,4
5222.jpg,5
5223.jpg,6
5224.jpg,7
5225.jpg,8
5226.jpg,9
5227.jpg,10
5228.jpg,11
5229.jpg,12
5230.jpg,13
5231.jpg,14
5232.jpg,15
5233.jpg,0
5234.jpg,1
5235.jpg,2
5236.jpg,3
5237.jpg,4
5238.jpg,5
5239.jpg,6
5240.jpg,7
5241.jpg,8
5242.jpg,9
5243.jpg,10
5244.jpg,11
5245.jpg,12
5246.jpg,13
5247.jpg,14
5248.jpg,15
5249.jpg,0
5250.jpg,1
5251.jpg,2
5252.jpg,3
5253.jpg,4
5254.jpg,5
5255.jpg,6
5256.jpg,7
5257.jpg,8
5258.jpg,9
5259.jpg,10
5260.jpg,11
5261.jpg,12
5262.jpg,13
5263.jpg,14
5264.jpg,15
5265.jpg,0
5266.jpg,1
5267.jpg,2
5268.jpg,3
5269.jpg,4
5270.jpg,5
5271.jpg,6
5272.jpg,7
5273.jpg,8
5274.jpg,9
5275.jpg,10
5276.jpg,11
5277.jpg,12
5278.jpg,13
5279.jpg,14
5280.jpg,15
5281.jpg,0
5282.jpg,1
5283.jpg,2
5284.jpg,3
5285.jpg,4
5286.jpg,5
5287.jpg,6
5288.jpg,7
5289.jpg,8
5290.jpg,9
5291.jpg,10
5292.jpg,11
5293.jpg,12
5294.jpg,13
5295.jpg,14
5296.jpg,15
5297.jpg,0
5298.jpg,1
5299.jpg,2
5300.jpg,3
5301.jpg,4
5302.jpg,5
5303.jpg,6
5304.jpg,7
5305.jpg,8
5306.jpg,9
5307.jpg,10
5308.jpg,11
5309.jpg,12
5310.jpg,13
5311.jpg,14
5312.jpg,15
5313.jpg,0
5314.jpg,1
5315.jpg,2
5316.jpg,3
5317.jpg,4
5318.jpg,5
5319.jpg,6
5320.jpg,7
5321.jpg,8
5322.jpg,9
5323.jpg,10
5324.jpg,11
5325.jpg,12
5326.jpg,13
5327.jpg,14
5328.jpg,15
5329.jpg,0
5330.jpg,1
5331.jpg,2
5332.jpg,3
5333.jpg,4
5334.jpg,5
5335.jpg,6
5336.jpg,7
5337.jpg,8
5338.jpg,9
5339.jpg,10
5340.jpg,11
5341.jpg,12
5342.jpg,13
5343.jpg,14
5344.jpg,15
5345.jpg,0
5346.jpg,1
5347.jpg,2
5348.jpg,3
5349.jpg,4
5350.jpg,5
5351.jpg,6
5352.jpg,7
5353.jpg,8
5354.jpg,9
5355.jpg,10
5356.jpg,11
5357.jpg,12
5358.jpg,13
5359.jpg,14
5360.jpg,15
5361.jpg,0
5362.jpg,1
5363.jpg,2
5364.jpg,3
5365.jpg,4
5366.jpg,5
5367.jpg,6
5368.jpg,7
5369.jpg,8
5370.jpg,9
5371.jpg,10
5372.jpg,11
5373.jpg,12
5374.jpg,13
5375.jpg,14
5376.jpg,15
5377.jpg,0
5378.jpg,1
5379.jpg,2
5380.jpg,3
5381.jpg,4
5382.jpg,5
5383.jpg,6
5384.jpg,7
5385.jpg,8
5386.jpg,9
5387.jpg,10
5388.jpg,11
5389.jpg,12
5390.jpg,13
5391.jpg,14
5392.jpg,15
5393.jpg,0
5394.jpg,1
5395.jpg,2
5396.jpg,3
5397.jpg,4
5398.jpg,5
5399.jpg,6
5400.jpg,7
5401.jpg,8
5402.jpg,9
5403.jpg,10
5404.jpg,11
5405.jpg,12
5406.jpg,13
5407.jpg,14
5408.jpg,15
5409.jpg,0
5410.jpg,1
5411.jpg,2
5412.jpg,3
5413.jpg,4
5414.jpg,5
5415.jpg,6
5416.jpg,7
5417.jpg,8
5418.jpg,9
5419.jpg,10
5420.jpg,11
5421.jpg,12
5422.jpg,13
5423.jpg,14
5424.jpg,15
5425.jpg,0
5426.jpg,1
5427.jpg,2
5428.jpg,3
5429.jpg,4
5430.jpg,5
5431.jpg,6
5432.jpg,7
5433.jpg,8
5434.jpg,9
5435.jpg,10
5436.jpg,11
5437.jpg,12
5438.jpg,13
5439.jpg,14
5440.jpg,15
5441.jpg,0
5442.jpg,1
5443.jpg,2
5444.jpg,3
5445.jpg,4
5446.jpg,5
5447.jpg,6
5448.jpg,7
5449.jpg,8
5450.jpg,9
5451.jpg,10
5452.jpg,11
5453.jpg,12
5454.jpg,13
5455.jpg,14
5456.jpg,15
5457.jpg,0
5458.jpg,1
5459.jpg,2
5460.jpg,3
5461.jpg,4
5462.jpg,5
5463.jpg,6
5464.jpg,7
5465.jpg,8
5466.jpg,9
5467.jpg,10
5468.jpg,11
5469.jpg,12
5470.jpg,13
5471.jpg,14
5472.jpg,15
5473.jpg,0
5474.jpg,1
5475.jpg,2
5476.jpg,3
5477.jpg,4
5478.jpg,5
5479.jpg,6
5480.jpg,7
5481.jpg,8
5482.jpg,9
5483.jpg,10
5484.jpg,11
5485.jpg,12
5486.jpg,13
5487.jpg,14
5488.jpg,15
5489.jpg,0
5490.jpg,1
5491.jpg,2
5492.jpg,3
5493.jpg,4
5494.jpg,5
5495.jpg,6
5496.jpg,7
5497.jpg,8
5498.jpg,9
5499.jpg,10
5500.jpg,11
5501.jpg,12
5502.jpg,13
5503.jpg,14
5504.jpg,15
5505.jpg,0
5506.jpg,1
5507.jpg,2
5508.jpg,3
5509.jpg,4
5510.jpg,5
5511.jpg,6
5512.jpg,7
5513.jpg,8
5514.jpg,9
5515.jpg,10
5516.jpg,11
5517.jpg,12
5518.jpg,13
5519.jpg,14
5520.jpg,15
5521.jpg,0
5522.jpg,1
5523.jpg,2
5524.jpg,3
5525.jpg,4
5526.jpg,5
5527.jpg,6
5528.jpg,7
5529.jpg,8
5530.jpg,9
5531.jpg,10
5532.jpg,11
5533.jpg,12
5534.jpg,13
5535.jpg,14
5536.jpg,15
5537.jpg,0
5538.jpg,1
5539.jpg,2
5540.jpg,3
5541.jpg,4
5542.jpg,5
5543.jpg,6
5544.jpg,7
5545.jpg,8
5546.jpg,9
5547.jpg,10
5548.jpg,11
5549.jpg,12
5550.jpg,13
5551.jpg,14
5552.jpg,15
5553.jpg,0
5554.jpg,1
5555.jpg,2
5556.jpg,3
5557.jpg,4
5558.jpg,5
5559.jpg,6
5560.jpg,7
5561.jpg,8
5562.jpg,9
5563.jpg,10
5564.jpg,11
5565.jpg,12
5566.jpg,13
5567.jpg,14
5568.jpg,15
5569.jpg,0
5570.jpg,1
5571.jpg,2
5572.jpg,3
5573.jpg,4
5574.jpg,5
5575.jpg,6
5576.jpg,7
5577.jpg,8
5578.jpg,9
5579.jpg,10
5580.jpg,11
5581.jpg,12
5582.jpg,13
5583.jpg,14
5584.jpg,15
5585.jpg,0
5586.jpg,1
5587.jpg,2
5588.jpg,3
5589.jpg,4
5590.jpg,5
5591.jpg,6
5592.jpg,7
5593.jpg,8
5594.jpg,9
5595.jpg,10
5596.jpg,11
5597.jpg,12
5598.jpg,13
5599.jpg,14
5600.jpg,15
5601.jpg,0
5602.jpg,1
5603.jpg,2
5604.jpg,3
5605.jpg,4
5606.jpg,5
5607.jpg,6
5608.jpg,7
5609.jpg,8
5610.jpg,9
5611.jpg,10
5612.jpg,11
5613.jpg,12
5614.jpg,13
5615.jpg,14
5616.jpg,15
5617.jpg,0
5618.jpg,1
5619.jpg,2
5620.jpg,3
5621.jpg,4
5622.jpg,5
5623.jpg,6
5624.jpg,7
5625.jpg,8
5626.jpg,9
5627.jpg,10
5628.jpg,11
5629.jpg,12
5630.jpg,13
5631.jpg,14
5632.jpg,15
5633.jpg,1
5634.jpg,10
5635.jpg,5
5636.jpg,11
5637.jpg,12
5638.jpg,13
5639.jpg,15
5640.jpg,0
5641.jpg,1
5642.jpg,2
5643.jpg,3
5644.jpg,4
5645.jpg,2
5646.jpg,5
5647.jpg,6
5648.jpg,7
5649.jpg,8
5650.jpg,9
5651.jpg,10
5652.jpg,11
5653.jpg,12
5654.jpg,13
5655.jpg,14
5656.jpg,3
5657.jpg,15
5658.jpg,0
5659.jpg,1
5660.jpg,2
5661.jpg,3
5662.jpg,4
5663.jpg,5
5664.jpg,6
5665.jpg,7
5666.jpg,8
5667.jpg,4
5668.jpg,9
5669.jpg,10
5670.jpg,11
5671.jpg,12
5672.jpg,13
5673.jpg,14
5674.jpg,15
5675.jpg,0
5676.jpg,1
5677.jpg,2
5678.jpg,5
5679.jpg,3
5680.jpg,4
5681.jpg,5
5682.jpg,6
5683.jpg,7
5684.jpg,8
5685.jpg,9
5686.jpg,10
5687.jpg,11
5688.jpg,12
5689.jpg,6
5690.jpg,13
5691.jpg,14
5692.jpg,15
5693.jpg,0
5694.jpg,1
5695.jpg,2
5696.jpg,3
5697.jpg,4
5698.jpg,5
5699.jpg,6
5700.jpg,7
5701.jpg,7
5702.jpg,8
5703.jpg,9
5704.jpg,10
5705.jpg,11
5706.jpg,12
5707.jpg,13
5708.jpg,14
5709.jpg,15
5710.jpg,0
5711.jpg,8
5712.jpg,1
5713.jpg,2
5714.jpg,3
5715.jpg,4
5716.jpg,5
5717.jpg,6
5718.jpg,7
5719.jpg,8
5720.jpg,9
5721.jpg,10
5722.jpg,9
5723.jpg,11
5724.jpg,12
5725.jpg,13
5726.jpg,14
5727.jpg,15
5728.jpg,0
5729.jpg,1
5730.jpg,2
5731.jpg,3
5732.jpg,4
5733.jpg,6
5734.jpg,7
5735.jpg,8
5736.jpg,9
5737.jpg,10
5738.jpg,11
5739.jpg,12
5740.jpg,13
5741.jpg,14
5742.jpg,15
5743.jpg,0
5744.jpg,1
5745.jpg,2
5746.jpg,3
5747.jpg,4
5748.jpg,5
5749.jpg,6
5750.jpg,7
5751.jpg,8
5752.jpg,9
5753.jpg,10
5754.jpg,11
5755.jpg,12
5756.jpg,13
5757.jpg,14
5758.jpg,15
5759.jpg,0
5760.jpg,14
5761.jpg,0
5762.jpg,1
5763.jpg,2
5764.jpg,3
5765.jpg,4
5766.jpg,5
5767.jpg,6
5768.jpg,7
5769.jpg,8
5770.jpg,9
5771.jpg,10
5772.jpg,11
5773.jpg,12
5774.jpg,13
5775.jpg,14
5776.jpg,15
5777.jpg,0
5778.jpg,1
5779.jpg,2
5780.jpg,3
5781.jpg,4
5782.jpg,5
5783.jpg,6
5784.jpg,7
5785.jpg,8
5786.jpg,9
5787.jpg,10
5788.jpg,11
5789.jpg,12
5790.jpg,13
5791.jpg,14
5792.jpg,15
5793.jpg,0
5794.jpg,1
5795.jpg,2
5796.jpg,3
5797.jpg,4
5798.jpg,5
5799.jpg,6
5800.jpg,7
5801.jpg,8
5802.jpg,9
5803.jpg,10
5804.jpg,11
5805.jpg,12
5806.jpg,13
5807.jpg,14
5808.jpg,15
5809.jpg,0
5810.jpg,1
5811.jpg,2
5812.jpg,3
5813.jpg,4
5814.jpg,5
5815.jpg,6
5816.jpg,7
5817.jpg,8
5818.jpg,9
5819.jpg,10
5820.jpg,11
5821.jpg,12
5822.jpg,13
5823.jpg,14
5824.jpg,15
5825.jpg,0
5826.jpg,1
5827.jpg,2
5828.jpg,3
5829.jpg,4
5830.jpg,5
5831.jpg,6
5832.jpg,7
5833.jpg,8
5834.jpg,9
5835.jpg,10
5836.jpg,11
5837.jpg,12
5838.jpg,13
5839.jpg,14
5840.jpg,15
5841.jpg,0
5842.jpg,1
5843.jpg,2
5844.jpg,3
5845.jpg,4
5846.jpg,5
5847.jpg,6
5848.jpg,7
5849.jpg,8
5850.jpg,9
5851.jpg,10
5852.jpg,11
5853.jpg,12
5854.jpg,13
5855.jpg,14
5856.jpg,15
5857.jpg,0
5858.jpg,1
5859.jpg,2
5860.jpg,3
5861.jpg,4
5862.jpg,5
5863.jpg,6
5864.jpg,7
5865.jpg,8
5866.jpg,9
5867.jpg,10
5868.jpg,11
5869.jpg,12
5870.jpg,13
5871.jpg,14
5872.jpg,15
5873.jpg,0
5874.jpg,1
5875.jpg,2
5876.jpg,3
5877.jpg,4
5878.jpg,5
5879.jpg,6
5880.jpg,7
5881.jpg,8
5882.jpg,9
5883.jpg,10
5884.jpg,11
5885.jpg,12
5886.jpg,13
5887.jpg,14
5888.jpg,15
5889.jpg,0
5890.jpg,1
5891.jpg,2
5892.jpg,3
5893.jpg,4
5894.jpg,5
5895.jpg,6
5896.jpg,7
5897.jpg,8
5898.jpg,9
5899.jpg,10
5900.jpg,11
5901.jpg,12
5902.jpg,13
5903.jpg,14
5904.jpg,15
5905.jpg,0
5906.jpg,1
5907.jpg,2
5908.jpg,3
5909.jpg,4
5910.jpg,5
5911.jpg,6
5912.jpg,7
5913.jpg,8
5914.jpg,9
5915.jpg,10
5916.jpg,11
5917.jpg,12
5918.jpg,13
5919.jpg,14
5920.jpg,15
5921.jpg,0
5922.jpg,1
5923.jpg,2
5924.jpg,3
5925.jpg,4
5926.jpg,5
5927.jpg,6
5928.jpg,7
5929.jpg,8
5930.jpg,9
5931.jpg,10
5932.jpg,11
5933.jpg,12
5934.jpg,13
5935.jpg,14
5936.jpg,15
5937.jpg,0
5938.jpg,1
5939.jpg,2
5940.jpg,3
5941.jpg,4
5942.jpg,5
5943.jpg,6
5944.jpg,7
5945.jpg,8
5946.jpg,9
5947.jpg,10
5948.jpg,11
5949.jpg,12
5950.jpg,13
5951.jpg,14
5952.jpg,15
5953.jpg,0
5954.jpg,1
5955.jpg,2
5956.jpg,3
5957.jpg,4
5958.jpg,5
5959.jpg,6
5960.jpg,7
5961.jpg,8
5962.jpg,9
5963.jpg,10
5964.jpg,11
5965.jpg,12
5966.jpg,13
5967.jpg,14
5968.jpg,15
5969.jpg,0
5970.jpg,1
5971.jpg,2
5972.jpg,3
5973.jpg,4
5974.jpg,5
5975.jpg,6
5976.jpg,7
5977.jpg,8
5978.jpg,9
5979.jpg,10
5980.jpg,11
5981.jpg,12
5982.jpg,13
5983.jpg,14
5984.jpg,15
5985.jpg,0
5986.jpg,1
5987.jpg,2
5988.jpg,3
5989.jpg,4
5990.jpg,5
5991.jpg,6
5992.jpg,7
5993.jpg,8
5994.jpg,9
5995.jpg,10
5996.jpg,11
5997.jpg,12
5998.jpg,13
5999.jpg,14
6000.jpg,15
6001.jpg,0
6002.jpg,1
6003.jpg,2
6004.jpg,3
6005.jpg,4
6006.jpg,5
6007.jpg,6
6008.jpg,7
6009.jpg,8
6010.jpg,9
6011.jpg,10
6012.jpg,11
6013.jpg,12
6014.jpg,13
6015.jpg,14
6016.jpg,15
6017.jpg,0
6018.jpg,1
6019.jpg,2
6020.jpg,3
6021.jpg,4
6022.jpg,5
6023.jpg,6
6024.jpg,7
6025.jpg,8
6026.jpg,9
6027.jpg,10
6028.jpg,11
6029.jpg,12
6030.jpg,13
6031.jpg,14
6032.jpg,15
6033.jpg,0
6034.jpg,1
6035.jpg,2
6036.jpg,3
6037.jpg,4
6038.jpg,5
6039.jpg,6
6040.jpg,7
6041.jpg,8
6042.jpg,9
6043.jpg,10
6044.jpg,11
6045.jpg,12
6046.jpg,13
6047.jpg,14
6048.jpg,15
6049.jpg,0
6050.jpg,1
6051.jpg,2
6052.jpg,3
6053.jpg,4
6054.jpg,5
6055.jpg,6
6056.jpg,7
6057.jpg,8
6058.jpg,9
6059.jpg,10
6060.jpg,11
6061.jpg,12
6062.jpg,13
6063.jpg,14
6064.jpg,15
6065.jpg,0
6066.jpg,1
6067.jpg,2
6068.jpg,3
6069.jpg,4
6070.jpg,5
6071.jpg,6
6072.jpg,7
6073.jpg,8
6074.jpg,9
6075.jpg,10
6076.jpg,11
6077.jpg,12
6078.jpg,13
6079.jpg,14
6080.jpg,15
6081.jpg,0
6082.jpg,1
6083.jpg,2
6084.jpg,3
6085.jpg,4
6086.jpg,5
6087.jpg,6
6088.jpg,7
6089.jpg,8
6090.jpg,9
6091.jpg,10
6092.jpg,11
6093.jpg,12
6094.jpg,13
6095.jpg,14
6096.jpg,15
6097.jpg,0
6098.jpg,1
6099.jpg,2
6100.jpg,3
6101.jpg,4
6102.jpg,5
6103.jpg,6
6104.jpg,7
6105.jpg,8
6106.jpg,9
6107.jpg,10
6108.jpg,11
6109.jpg,12
6110.jpg,13
6111.jpg,14
6112.jpg,15
6113.jpg,0
6114.jpg,1
6115.jpg,2
6116.jpg,3
6117.jpg,4
6118.jpg,5
6119.jpg,6
6120.jpg,7
6121.jpg,8
6122.jpg,9
6123.jpg,10
6124.jpg,11
6125.jpg,12
6126.jpg,13
6127.jpg,14
6128.jpg,15
6129.jpg,0
6130.jpg,1
6131.jpg,2
6132.jpg,3
6133.jpg,4
6134.jpg,5
6135.jpg,6
6136.jpg,7
6137.jpg,8
6138.jpg,9
6139.jpg,10
6140.jpg,11
6141.jpg,12
6142.jpg,13
6143.jpg,14
6144.jpg,15
6145.jpg,0
6146.jpg,1
6147.jpg,2
6148.jpg,3
6149.jpg,4
6150.jpg,5
6151.jpg,6
6152.jpg,7
6153.jpg,8
6154.jpg,9
6155.jpg,10
6156.jpg,11
6157.jpg,12
6158.jpg,13
6159.jpg,14
6160.jpg,15
6161.jpg,0
6162.jpg,1
6163.jpg,2
6164.jpg,3
6165.jpg,4
6166.jpg,5
6167.jpg,6
6168.jpg,7
6169.jpg,8
6170.jpg,9
6171.jpg,10
6172.jpg,11
6173.jpg,12
6174.jpg,13
6175.jpg,14
6176.jpg,15
6177.jpg,0
6178.jpg,1
6179.jpg,2
6180.jpg,3
6181.jpg,4
6182.jpg,5
6183.jpg,6
6184.jpg,7
6185.jpg,8
6186.jpg,9
6187.jpg,10
6188.jpg,11
6189.jpg,12
6190.jpg,13
6191.jpg,14
6192.jpg,15
6193.jpg,0
6194.jpg,1
6195.jpg,2
6196.jpg,3
6197.jpg,4
6198.jpg,5
6199.jpg,6
6200.jpg,7
6201.jpg,8
6202.jpg,9
6203.jpg,10
6204.jpg,11
6205.jpg,12
6206.jpg,13
6207.jpg,14
6208.jpg,15
6209.jpg,0
6210.jpg,1
6211.jpg,2
6212.jpg,3
6213.jpg,4
6214.jpg,5
6215.jpg,6
6216.jpg,7
6217.jpg,8
6218.jpg,9
6219.jpg,10
6220.jpg,11
6221.jpg,12
6222.jpg,13
6223.jpg,14
6224.jpg,15
6225.jpg,0
6226.jpg,1
6227.jpg,2
6228.jpg,3
6229.jpg,4
6230.jpg,5
6231.jpg,6
6232.jpg,7
6233.jpg,8
6234.jpg,9
6235.jpg,10
6236.jpg,11
6237.jpg,12
6238.jpg,13
6239.jpg,14
6240.jpg,15
6241.jpg,0
6242.jpg,1
6243.jpg,2
6244.jpg,3
6245.jpg,4
6246.jpg,5
6247.jpg,6
6248.jpg,7
6249.jpg,8
6250.jpg,9
6251.jpg,10
6252.jpg,11
6253.jpg,12
6254.jpg,13
6255.jpg,14
6256.jpg,15
6257.jpg,0
6258.jpg,1
6259.jpg,2
6260.jpg,3
6261.jpg,4
6262.jpg,5
6263.jpg,6
6264.jpg,7
6265.jpg,8
6266.jpg,9
6267.jpg,10
6268.jpg,11
6269.jpg,12
6270.jpg,13
6271.jpg,14
6272.jpg,15
6273.jpg,0
6274.jpg,1
6275.jpg,2
6276.jpg,3
6277.jpg,4
6278.jpg,5
6279.jpg,6
6280.jpg,7
6281.jpg,8
6282.jpg,9
6283.jpg,10
6284.jpg,11
6285.jpg,12
6286.jpg,13
6287.jpg,14
6288.jpg,15
6289.jpg,0
6290.jpg,1
6291.jpg,2
6292.jpg,3
6293.jpg,4
6294.jpg,5
6295.jpg,6
6296.jpg,7
6297.jpg,8
6298.jpg,9
6299.jpg,10
6300.jpg,11
6301.jpg,12
6302.jpg,13
6303.jpg,14
6304.jpg,15
6305.jpg,0
6306.jpg,1
6307.jpg,2
6308.jpg,3
6309.jpg,4
6310.jpg,5
6311.jpg,6
6312.jpg,7
6313.jpg,8
6314.jpg,9
6315.jpg,10
6316.jpg,11
6317.jpg,12
6318.jpg,13
6319.jpg,14
6320.jpg,15
6321.jpg,0
6322.jpg,1
6323.jpg,2
6324.jpg,3
6325.jpg,5
6326.jpg,6
6327.jpg,7
6328.jpg,8
6329.jpg,9
6330.jpg,10
6331.jpg,11
6332.jpg,12
6333.jpg,13
6334.jpg,14
6335.jpg,15
6336.jpg,0
6337.jpg,1
6338.jpg,2
6339.jpg,3
6340.jpg,4
6341.jpg,5
6342.jpg,6
6343.jpg,7
6344.jpg,8
6345.jpg,9
6346.jpg,10
6347.jpg,11
6348.jpg,12
6349.jpg,13
6350.jpg,14
6351.jpg,15
6352.jpg,0
6353.jpg,1
6354.jpg,2
6355.jpg,3
6356.jpg,4
6357.jpg,5
6358.jpg,6
6359.jpg,7
6360.jpg,8
6361.jpg,9
6362.jpg,10
6363.jpg,11
6364.jpg,12
6365.jpg,13
6366.jpg,14
6367.jpg,15
6368.jpg,0
6369.jpg,1
6370.jpg,2
6371.jpg,3
6372.jpg,4
6373.jpg,5
6374.jpg,6
6375.jpg,7
6376.jpg,8
6377.jpg,9
6378.jpg,10
6379.jpg,11
6380.jpg,12
6381.jpg,13
6382.jpg,14
6383.jpg,15
6384.jpg,0
6385.jpg,1
6386.jpg,2
6387.jpg,3
6388.jpg,4
6389.jpg,5
6390.jpg,6
6391.jpg,7
6392.jpg,8
6393.jpg,9
6394.jpg,10
6395.jpg,11
6396.jpg,12
6397.jpg,13
6398.jpg,14
6399.jpg,15
6400.jpg,0
6401.jpg,0
6402.jpg,1
6403.jpg,2
6404.jpg,3
6405.jpg,4
6406.jpg,5
6407.jpg,6
6408.jpg,7
6409.jpg,8
6410.jpg,9
6411.jpg,10
6412.jpg,11
6413.jpg,12
6414.jpg,13
6415.jpg,14
6416.jpg,15
6417.jpg,0
6418.jpg,1
6419.jpg,2
6420.jpg,3
6421.jpg,4
6422.jpg,5
6423.jpg,6
6424.jpg,7
6425.jpg,8
6426.jpg,9
6427.jpg,10
6428.jpg,11
6429.jpg,12
6430.jpg,13
6431.jpg,14
6432.jpg,15
6433.jpg,0
6434.jpg,1
6435.jpg,2
6436.jpg,3
6437.jpg,4
6438.jpg,5
6439.jpg,6
6440.jpg,7
6441.jpg,8
6442.jpg,9
6443.jpg,10
6444.jpg,11
6445.jpg,12
6446.jpg,13
6447.jpg,14
6448.jpg,15
6449.jpg,0
6450.jpg,1
6451.jpg,2
6452.jpg,3
6453.jpg,4
6454.jpg,5
6455.jpg,6
6456.jpg,7
6457.jpg,8
6458.jpg,9
6459.jpg,10
6460.jpg,11
6461.jpg,12
6462.jpg,13
6463.jpg,14
6464.jpg,15
6465.jpg,0
6466.jpg,1
6467.jpg,2
6468.jpg,3
6469.jpg,4
6470.jpg,5
6471.jpg,6
6472.jpg,7
6473.jpg,8
6474.jpg,9
6475.jpg,10
6476.jpg,11
6477.jpg,12
6478.jpg,13
6479.jpg,14
6480.jpg,15
6481.jpg,0
6482.jpg,1
6483.jpg,2
6484.jpg,3
6485.jpg,4
6486.jpg,5
6487.jpg,6
6488.jpg,7
6489.jpg,8
6490.jpg,9
6491.jpg,10
6492.jpg,11
6493.jpg,12
6494.jpg,13
6495.jpg,14
6496.jpg,15
6497.jpg,0
6498.jpg,1
6499.jpg,2
6500.jpg,3
6501.jpg,4
6502.jpg,5
6503.jpg,6
6504.jpg,7
6505.jpg,8
6506.jpg,9
6507.jpg,10
6508.jpg,11
6509.jpg,12
6510.jpg,13
6511.jpg,14
6512.jpg,15
6513.jpg,0
6514.jpg,1
6515.jpg,2
6516.jpg,3
6517.jpg,4
6518.jpg,5
6519.jpg,6
6520.jpg,7
6521.jpg,8
6522.jpg,9
6523.jpg,10
6524.jpg,11
6525.jpg,12
6526.jpg,13
6527.jpg,14
6528.jpg,15
6529.jpg,0
6530.jpg,1
6531.jpg,2
6532.jpg,3
6533.jpg,4
6534.jpg,5
6535.jpg,6
6536.jpg,7
6537.jpg,8
6538.jpg,9
6539.jpg,10
6540.jpg,11
6541.jpg,12
6542.jpg,13
6543.jpg,14
6544.jpg,15
6545.jpg,0
6546.jpg,1
6547.jpg,2
6548.jpg,3
6549.jpg,4
6550.jpg,5
6551.jpg,6
6552.jpg,7
6553.jpg,8
6554.jpg,9
6555.jpg,10
6556.jpg,11
6557.jpg,12
6558.jpg,13
6559.jpg,14
6560.jpg,15
6561.jpg,1
6562.jpg,2
6563.jpg,3
6564.jpg,4
6565.jpg,5
6566.jpg,6
6567.jpg,7
6568.jpg,8
6569.jpg,9
6570.jpg,10
6571.jpg,11
6572.jpg,12
6573.jpg,13
6574.jpg,14
6575.jpg,15
6576.jpg,1
6577.jpg,2
6578.jpg,3
6579.jpg,4
6580.jpg,5
6581.jpg,6
6582.jpg,7
6583.jpg,8
6584.jpg,9
6585.jpg,10
6586.jpg,11
6587.jpg,12
6588.jpg,13
6589.jpg,14
6590.jpg,15
6591.jpg,0
6592.jpg,1
6593.jpg,2
6594.jpg,3
6595.jpg,4
6596.jpg,5
6597.jpg,6
6598.jpg,7
6599.jpg,8
6600.jpg,9
6601.jpg,10
6602.jpg,11
6603.jpg,12
6604.jpg,13
6605.jpg,14
6606.jpg,15
6607.jpg,0
6608.jpg,1
6609.jpg,2
6610.jpg,3
6611.jpg,4
6612.jpg,5
6613.jpg,6
6614.jpg,7
6615.jpg,8
6616.jpg,9
6617.jpg,10
6618.jpg,11
6619.jpg,12
6620.jpg,13
6621.jpg,14
6622.jpg,15
6623.jpg,1
6624.jpg,2
6625.jpg,3
6626.jpg,4
6627.jpg,5
6628.jpg,6
6629.jpg,7
6630.jpg,8
6631.jpg,9
6632.jpg,10
6633.jpg,11
6634.jpg,12
6635.jpg,13
6636.jpg,14
6637.jpg,15
6638.jpg,1
6639.jpg,2
6640.jpg,3
6641.jpg,4
6642.jpg,5
6643.jpg,6
6644.jpg,7
6645.jpg,8
6646.jpg,9
6647.jpg,10
6648.jpg,11
6649.jpg,12
6650.jpg,13
6651.jpg,14
6652.jpg,15
6653.jpg,0
6654.jpg,0
6655.jpg,0
6656.jpg,0
6657.jpg,0
6658.jpg,1
6659.jpg,2
6660.jpg,3
6661.jpg,4
6662.jpg,5
6663.jpg,6
6664.jpg,7
6665.jpg,8
6666.jpg,9
6667.jpg,10
6668.jpg,11
6669.jpg,12
6670.jpg,13
6671.jpg,14
6672.jpg,15
6673.jpg,0
6674.jpg,1
6675.jpg,2
6676.jpg,3
6677.jpg,4
6678.jpg,5
6679.jpg,6
6680.jpg,7
6681.jpg,8
6682.jpg,9
6683.jpg,10
6684.jpg,11
6685.jpg,12
6686.jpg,13
6687.jpg,14
6688.jpg,15
6689.jpg,0
6690.jpg,1
6691.jpg,2
6692.jpg,3
6693.jpg,4
6694.jpg,5
6695.jpg,6
6696.jpg,7
6697.jpg,8
6698.jpg,9
6699.jpg,10
6700.jpg,11
6701.jpg,12
6702.jpg,13
6703.jpg,14
6704.jpg,15
6705.jpg,0
6706.jpg,1
6707.jpg,2
6708.jpg,3
6709.jpg,4
6710.jpg,5
6711.jpg,6
6712.jpg,7
6713.jpg,8
6714.jpg,9
6715.jpg,10
6716.jpg,11
6717.jpg,12
6718.jpg,13
6719.jpg,14
6720.jpg,15
6721.jpg,0
6722.jpg,1
6723.jpg,2
6724.jpg,3
6725.jpg,4
6726.jpg,5
6727.jpg,6
6728.jpg,7
6729.jpg,8
6730.jpg,9
6731.jpg,10
6732.jpg,11
6733.jpg,12
6734.jpg,13
6735.jpg,14
6736.jpg,15
6737.jpg,0
6738.jpg,1
6739.jpg,2
6740.jpg,3
6741.jpg,4
6742.jpg,5
6743.jpg,6
6744.jpg,7
6745.jpg,8
6746.jpg,9
6747.jpg,10
6748.jpg,11
6749.jpg,12
6750.jpg,13
6751.jpg,14
6752.jpg,15
6753.jpg,0
6754.jpg,1
6755.jpg,2
6756.jpg,3
6757.jpg,4
6758.jpg,5
6759.jpg,6
6760.jpg,7
6761.jpg,8
6762.jpg,9
6763.jpg,10
6764.jpg,11
6765.jpg,12
6766.jpg,13
6767.jpg,14
6768.jpg,15
6769.jpg,0
6770.jpg,1
6771.jpg,2
6772.jpg,3
6773.jpg,4
6774.jpg,5
6775.jpg,6
6776.jpg,7
6777.jpg,8
6778.jpg,9
6779.jpg,10
6780.jpg,11
6781.jpg,12
6782.jpg,13
6783.jpg,14
6784.jpg,15
6785.jpg,1
6786.jpg,2
6787.jpg,3
6788.jpg,4
6789.jpg,5
6790.jpg,6
6791.jpg,7
6792.jpg,8
6793.jpg,9
6794.jpg,10
6795.jpg,11
6796.jpg,12
6797.jpg,13
6798.jpg,14
6799.jpg,15
6800.jpg,0
6801.jpg,1
6802.jpg,2
6803.jpg,3
6804.jpg,4
6805.jpg,5
6806.jpg,1
6807.jpg,2
6808.jpg,3
6809.jpg,4
6810.jpg,5
6811.jpg,6
6812.jpg,7
6813.jpg,8
6814.jpg,9
6815.jpg,10
6816.jpg,11
6817.jpg,12
6818.jpg,13
6819.jpg,14
6820.jpg,15
6821.jpg,0
6822.jpg,6
6823.jpg,7
6824.jpg,8
6825.jpg,9
6826.jpg,10
6827.jpg,1
6828.jpg,2
6829.jpg,3
6830.jpg,4
6831.jpg,5
6832.jpg,1
6833.jpg,2
6834.jpg,3
6835.jpg,4
6836.jpg,5
6837.jpg,6
6838.jpg,7
6839.jpg,8
6840.jpg,9
6841.jpg,10
6842.jpg,11
6843.jpg,12
6844.jpg,13
6845.jpg,14
6846.jpg,15
6847.jpg,0
6848.jpg,1
6849.jpg,2
6850.jpg,3
6851.jpg,4
6852.jpg,5
6853.jpg,6
6854.jpg,7
6855.jpg,8
6856.jpg,9
6857.jpg,10
6858.jpg,11
6859.jpg,12
6860.jpg,13
6861.jpg,14
6862.jpg,15
6863.jpg,0
6864.jpg,0
6865.jpg,0
6866.jpg,1
6867.jpg,2
6868.jpg,3
6869.jpg,1
6870.jpg,2
6871.jpg,3
6872.jpg,4
6873.jpg,5
6874.jpg,6
6875.jpg,7
6876.jpg,8
6877.jpg,9
6878.jpg,10
6879.jpg,11
6880.jpg,12
6881.jpg,13
6882.jpg,14
6883.jpg,15
6884.jpg,0
6885.jpg,4
6886.jpg,5
6887.jpg,6
6888.jpg,7
6889.jpg,8
6890.jpg,1
6891.jpg,2
6892.jpg,3
6893.jpg,4
6894.jpg,5
6895.jpg,6
6896.jpg,7
6897.jpg,8
6898.jpg,9
6899.jpg,10
6900.jpg,11
6901.jpg,12
6902.jpg,13
6903.jpg,14
6904.jpg,15
6905.jpg,0
6906.jpg,9
6907.jpg,10
6908.jpg,11
6909.jpg,12
6910.jpg,13
6911.jpg,2
6912.jpg,3
6913.jpg,0
6914.jpg,1
6915.jpg,2
6916.jpg,3
6917.jpg,4
6918.jpg,5
6919.jpg,6
6920.jpg,7
6921.jpg,8
6922.jpg,9
6923.jpg,10
6924.jpg,11
6925.jpg,12
6926.jpg,13
6927.jpg,14
6928.jpg,15
6929.jpg,0
6930.jpg,1
6931.jpg,2
6932.jpg,3
6933.jpg,4
6934.jpg,5
6935.jpg,6
6936.jpg,7
6937.jpg,8
6938.jpg,9
6939.jpg,10
6940.jpg,11
6941.jpg,12
6942.jpg,13
6943.jpg,14
6944.jpg,15
6945.jpg,0
6946.jpg,1
6947.jpg,2
6948.jpg,3
6949.jpg,4
6950.jpg,5
6951.jpg,6
6952.jpg,7
6953.jpg,8
6954.jpg,9
6955.jpg,10
6956.jpg,11
6957.jpg,12
6958.jpg,13
6959.jpg,14
6960.jpg,15
6961.jpg,0
6962.jpg,1
6963.jpg,2
6964.jpg,3
6965.jpg,4
6966.jpg,5
6967.jpg,6
6968.jpg,7
6969.jpg,8
6970.jpg,9
6971.jpg,10
6972.jpg,11
6973.jpg,12
6974.jpg,13
6975.jpg,14
6976.jpg,15
6977.jpg,0
6978.jpg,1
6979.jpg,2
6980.jpg,3
6981.jpg,4
6982.jpg,5
6983.jpg,6
6984.jpg,7
6985.jpg,8
6986.jpg,9
6987.jpg,10
6988.jpg,11
6989.jpg,12
6990.jpg,13
6991.jpg,14
6992.jpg,15
6993.jpg,0
6994.jpg,1
6995.jpg,2
6996.jpg,3
6997.jpg,4
6998.jpg,5
6999.jpg,6
7000.jpg,7
7001.jpg,8
7002.jpg,9
7003.jpg,10
7004.jpg,11
7005.jpg,12
7006.jpg,13
7007.jpg,14
7008.jpg,15
7009.jpg,0
7010.jpg,1
7011.jpg,2
7012.jpg,3
7013.jpg,4
7014.jpg,5
7015.jpg,6
7016.jpg,7
7017.jpg,8
7018.jpg,9
7019.jpg,10
7020.jpg,11
7021.jpg,12
7022.jpg,13
7023.jpg,14
7024.jpg,15
7025.jpg,0
7026.jpg,1
7027.jpg,2
7028.jpg,3
7029.jpg,4
7030.jpg,5
7031.jpg,6
7032.jpg,7
7033.jpg,8
7034.jpg,9
7035.jpg,10
7036.jpg,11
7037.jpg,12
7038.jpg,13
7039.jpg,14
7040.jpg,15
